date,period,track,market_id,selection_id,model_odds,preoff_lay,bsp,win,preoff_value,gate_on,hist_n,hist_brier_adv
2023-01-04,2023,Mount Gambier,208198013,44037868,5.47,3.15,3.21,1.0,-0.1346449609703723,False,0,
2023-01-07,2023,Gawler,208263684,51218016,4.41,3.1,3.4,0.0,-0.09582327554677786,False,1,
2023-01-07,2023,Gawler,208263696,26609213,4.53,3.0,2.9,1.0,-0.11258278145695363,False,1,
2023-01-07,2023,Gawler,208263708,44389202,5.37,3.5,3.02,0.0,-0.09949454642192071,False,1,
2023-01-20,2023,Murray Bridge,208824175,51616006,3.94,2.6,2.58,0.0,-0.13080827801639983,False,4,
2023-01-21,2023,Gawler,208825245,45168722,3.08,2.32,2.32,1.0,-0.10635915808329605,False,5,
2023-01-21,2023,Gawler,208825251,51784054,5.19,3.25,3.1,1.0,-0.11501408033199945,False,5,
2023-01-21,2023,Gawler,208825269,42844810,4.64,3.35,2.93,0.0,-0.08299022130725678,False,5,
2023-01-28,2023,Morphettville,209119731,51958129,5.1,3.35,3.36,0.0,-0.10242903131401809,False,8,
2023-01-29,2023,Strathalbyn,209191799,43858286,5.05,3.5,4.0,0.0,-0.08769448373408767,False,9,
2023-02-01,2023,Murray Bridge,209362468,45875156,3.73,2.76,2.56,0.0,-0.09422232583440188,False,10,
2023-02-03,2023,Port Lincoln,209439602,12200084,4.78,2.96,3.34,0.0,-0.12863281691733575,False,11,
2023-02-04,2023,Morphettville,209438855,21661956,4.97,3.15,3.25,1.0,-0.11625307399955284,False,12,
2023-02-04,2023,Morphettville,209438873,44364659,4.65,2.6,2.65,1.0,-0.1695616211745244,False,12,
2023-02-05,2023,Bordertown,209514358,16796089,7.27,3.65,3.69,1.0,-0.1364210208965348,False,14,
2023-02-05,2023,Bordertown,209514370,40612518,5.16,3.6,3.5,1.0,-0.0839793281653747,False,14,
2023-02-15,2023,Strathalbyn,209983478,4407333,6.83,3.65,3.6,0.0,-0.12755971840590463,False,16,
2023-02-22,2023,Mount Gambier,210281132,39456911,5.53,3.9,3.79,0.0,-0.07557843000880979,False,17,
2023-02-25,2023,Morphettville,210357568,51312026,4.81,3.2,3.3,1.0,-0.10459979209979209,False,18,
2023-03-01,2023,Balaklava,210597777,53088553,4.9,3.1,3.2,0.0,-0.11849901250822911,False,19,
2023-03-05,2023,Bordertown,210787535,45191105,5.56,3.5,3.25,0.0,-0.10585817060637201,False,20,
2023-03-11,2023,Morphettville,211049508,53407700,5.57,3.75,3.78,0.0,-0.08713345302214243,False,21,
2023-03-19,2023,Port Lincoln,211487560,12268424,3.56,2.44,2.77,0.0,-0.1289371891692761,False,22,
2023-03-19,2023,Port Lincoln,211487572,53719800,6.92,4.1,3.4,0.0,-0.09939376850415904,False,22,
2023-03-22,2023,Strathalbyn,211627127,2479577,4.4,3.1,2.84,0.0,-0.09530791788856305,False,24,
2023-03-29,2023,Balaklava,211950633,54085472,5.24,3.8,3.25,1.0,-0.07231820008035356,False,25,
2023-03-29,2023,Balaklava,211950639,54085480,4.69,2.72,2.64,0.0,-0.15442744261883856,False,25,
2023-03-29,2023,Balaklava,211950645,50528454,4.7,3.4,3.2,0.0,-0.08135168961201503,False,25,
2023-04-01,2023,Morphettville,212040535,45541803,7.69,4.7,4.7,0.0,-0.08272694574329748,False,28,
2023-04-02,2023,Gawler,212119404,36409856,8.29,5.2,5.55,0.0,-0.07168043054653425,False,29,
2023-04-08,2023,Oakbank,212404950,47240537,6.98,3.6,3.99,1.0,-0.13451130213307866,False,30,
2023-04-08,2023,Clare,212456658,54403433,4.16,2.56,2.34,1.0,-0.15024038461538464,False,30,
2023-04-08,2023,Clare,212456664,54403444,3.67,2.46,2.54,0.0,-0.13402450100795282,False,30,
2023-04-08,2023,Clare,212456670,28596564,4.55,2.94,3.02,1.0,-0.12035583464154892,False,30,
2023-04-08,2023,Clare,212456676,39595136,4.55,3.4,3.48,1.0,-0.07433742727860376,False,30,
2023-04-08,2023,Clare,212456682,16602169,4.3,2.88,2.89,0.0,-0.11466408268733849,False,30,
2023-04-09,2023,Penola,212457494,54403818,5.55,3.8,4.24,0.0,-0.08297771455666189,False,36,
2023-04-09,2023,Penola,212457512,37231675,5.45,3.6,3.8,0.0,-0.09429153924566772,False,36,
2023-04-09,2023,Penola,212457524,20357382,5.75,4.0,4.12,0.0,-0.07608695652173914,False,36,
2023-04-10,2023,Oakbank,212458587,54403571,5.07,3.6,3.4,0.0,-0.0805391190006575,False,39,
2023-04-10,2023,Oakbank,212458623,22721275,5.38,3.85,3.94,0.0,-0.07386665379230431,False,39,
2023-04-15,2023,Morphettville,212782682,48489472,9.41,4.6,4.71,0.0,-0.11112137873677404,False,41,
2023-04-16,2023,Port Lincoln,212860192,41511137,4.46,3.1,2.99,0.0,-0.098365398524519,False,42,
2023-04-16,2023,Port Lincoln,212860198,54704519,5.84,4.1,4.33,1.0,-0.07266956231206151,False,42,
2023-04-22,2023,Morphettville,213117195,50658234,4.68,3.1,2.95,1.0,-0.10890543148607662,False,44,
2023-04-22,2023,Morphettville,213117201,51032419,7.78,4.5,4.5,0.0,-0.09368751785204227,False,44,
2023-04-22,2023,Morphettville,213117207,54935729,6.76,4.1,3.48,1.0,-0.09597344494155002,False,44,
2023-04-22,2023,Morphettville,213117243,38256261,4.37,2.84,2.75,0.0,-0.12327972411125798,False,44,
2023-04-29,2023,Morphettville,213430211,38678041,6.98,4.1,4.52,0.0,-0.10063596337969113,False,48,
2023-04-30,2023,Naracoorte,213513586,55244095,4.97,3.05,2.91,0.0,-0.12666160899825182,False,49,
2023-05-06,2023,Morphettville,213744432,2393090,4.79,3.55,3.53,1.0,-0.0729218736216884,False,50,-0.022650918349747445
2023-05-07,2023,Port Augusta,213814231,8535675,6.16,3.8,3.62,1.0,-0.10082023239917975,False,50,-0.020813883906671993
2023-05-07,2023,Port Augusta,213814237,36771534,4.91,3.6,4.04,0.0,-0.07411178999773707,False,50,-0.020813883906671993
2023-05-10,2023,Balaklava,213953418,51454747,7.92,5.0,4.98,0.0,-0.07373737373737374,False,50,-0.021072190998716156
2023-05-10,2023,Balaklava,213953430,55713773,6.48,3.05,3.17,1.0,-0.17354786480469545,False,50,-0.021072190998716156
2023-05-10,2023,Balaklava,213953442,53088552,7.02,4.3,4.76,0.0,-0.09010799708474126,False,50,-0.021072190998716156
2023-05-12,2023,Bordertown,214041471,45737074,6.43,3.75,3.59,1.0,-0.11114567133229653,False,50,-0.025145948383261146
2023-05-17,2023,Gawler,214261223,55978189,5.31,2.54,2.48,1.0,-0.2053768702640983,False,50,-0.025203718539132836
2023-05-19,2023,Port Augusta,214341814,43184805,5.38,3.25,2.86,0.0,-0.1218187017443523,False,50,-0.03188128558396092
2023-05-20,2023,Morphettville,214339984,3272298,4.72,3.45,3.42,0.0,-0.07799066568410709,False,50,-0.031691973488063546
2023-05-20,2023,Morphettville,214340002,56053679,4.52,3.05,3.1,1.0,-0.10662991440591907,False,50,-0.031691973488063546
2023-05-21,2023,Strathalbyn,214418032,56090156,3.22,2.24,2.1,0.0,-0.1358695652173913,False,50,-0.03603995524891196
2023-05-24,2023,Balaklava,214522934,46790801,4.51,2.9,3.08,0.0,-0.12309809618472362,False,50,-0.03539027706586628
2023-05-27,2023,Murray Bridge,214591703,50658234,4.82,3.5,3.4,0.0,-0.07824540604623592,False,50,-0.030551246123427023
2023-05-27,2023,Murray Bridge,214591721,56321547,8.12,4.3,4.6,1.0,-0.10940543017527779,False,50,-0.030551246123427023
2023-05-27,2023,Murray Bridge,214591727,46108818,10.09,5.0,4.28,0.0,-0.10089197224975224,False,50,-0.030551246123427023
2023-05-28,2023,Mount Gambier,214670364,24795803,6.03,3.35,3.37,0.0,-0.13266998341625205,False,50,-0.021123793775878613
2023-06-03,2023,Morphettville,214856849,2075405,4.18,3.2,3.32,1.0,-0.07326555023923442,False,50,-0.020964186147962416
2023-06-07,2023,Gawler,214995662,56807369,4.59,3.05,2.92,0.0,-0.11000392871173972,False,50,-0.023747266999632366
2023-06-07,2023,Gawler,214995668,700755,6.67,4.1,4.34,0.0,-0.09397740154313089,False,50,-0.023747266999632366
2023-06-10,2023,Morphettville,215061295,56872631,4.71,3.45,3.09,0.0,-0.07754084741068956,False,50,-0.01995925473743493
2023-06-10,2023,Morphettville,215061331,56872651,6.59,3.05,2.84,0.0,-0.1761237841737357,False,50,-0.01995925473743493
2023-06-11,2023,Port Augusta,215104265,39233067,9.72,5.2,5.18,0.0,-0.08942703387147831,False,50,-0.01925432105127725
2023-06-12,2023,Murray Bridge,215130069,48198611,4.67,3.35,3.06,1.0,-0.0843747003739333,False,50,-0.02050759311606204
2023-06-12,2023,Murray Bridge,215130087,51414251,9.9,5.0,4.63,1.0,-0.098989898989899,False,50,-0.02050759311606204
2023-06-14,2023,Balaklava,215193736,57047248,4.38,2.96,3.04,1.0,-0.10952733555473279,False,50,-0.02820138107260231
2023-06-14,2023,Balaklava,215193754,42087628,3.5,2.7,2.65,1.0,-0.08465608465608465,False,50,-0.02820138107260231
2023-06-14,2023,Balaklava,215193760,43837586,7.58,4.9,5.2,0.0,-0.07215551128102954,False,50,-0.02820138107260231
2023-06-17,2023,Murray Bridge,215229759,473034,5.91,4.1,4.78,0.0,-0.07469770129173375,False,50,-0.03351548572983512
2023-06-18,2023,Mount Gambier,215270331,56838026,7.32,4.5,4.66,0.0,-0.08561020036429873,False,50,-0.0334655067616863
2023-06-18,2023,Mount Gambier,215270337,57147929,5.52,3.45,3.22,0.0,-0.10869565217391303,False,50,-0.0334655067616863
2023-06-24,2023,Morphettville,215405515,57377741,5.38,3.55,3.42,0.0,-0.09581653489711503,False,50,-0.028028043156717725
2023-06-28,2023,Balaklava,215533339,46472307,5.77,3.7,3.38,1.0,-0.09696004496697733,False,50,-0.023018483557105784
2023-07-01,2023,Murray Bridge,215594703,57625479,5.4,3.55,3.21,0.0,-0.09650495565988526,False,50,-0.027856702501421665
2023-07-01,2023,Murray Bridge,215594721,36318937,10.01,4.8,4.87,0.0,-0.10843323343323344,False,50,-0.027856702501421665
2023-07-08,2023,Gawler,215804753,25178987,7.27,3.4,2.98,1.0,-0.15656606521563232,False,50,-0.020611222131830975
2023-07-09,2023,Port Augusta,215866523,40050597,3.52,2.04,2.01,0.0,-0.2061051693404634,False,50,-0.02685176935439934
2023-07-09,2023,Port Augusta,215866541,46159623,4.54,2.7,2.89,0.0,-0.15010605318975362,False,50,-0.02685176935439934
2023-07-09,2023,Port Augusta,215866565,38980578,4.86,2.94,2.8,0.0,-0.13437473754934073,False,50,-0.02685176935439934
2023-07-12,2023,Murray Bridge,215947667,39456968,6.1,3.15,3.65,0.0,-0.15352589123080923,False,50,-0.022670519737079786
2023-07-15,2023,Morphettville,216006570,27391752,5.14,3.65,3.72,0.0,-0.07942007355684663,False,50,-0.021957536702122915
2023-07-22,2023,Morphettville,216205078,58371151,4.97,3.55,3.41,1.0,-0.08048289738430583,False,50,-0.021871650796149195
2023-07-22,2023,Morphettville,216205096,58371162,5.13,3.6,3.98,0.0,-0.08284600389863547,False,50,-0.021871650796149195
2023-07-22,2023,Morphettville,216205108,46055951,3.78,2.72,2.54,1.0,-0.10309679427326479,False,50,-0.021871650796149195
2023-07-26,2023,Murray Bridge,216357026,58569492,8.0,4.8,4.78,0.0,-0.08333333333333334,False,50,-0.025842347654852077
2023-07-29,2023,Morphettville,216415603,58635344,3.7,2.8,2.61,0.0,-0.08687258687258692,False,50,-0.022098598353723936
2023-07-30,2023,Balaklava,216475037,44161280,5.16,3.1,3.3,0.0,-0.12878219554888723,False,50,-0.021665729241837017
2023-08-02,2023,Gawler,216592418,58813799,4.82,3.6,3.72,0.0,-0.07030889810972801,False,50,-0.017248891022398655
2023-08-02,2023,Gawler,216592430,45301227,5.86,3.15,3.21,1.0,-0.14681185329649493,False,50,-0.017248891022398655
2023-08-05,2023,Murray Bridge,216665596,58882642,5.02,3.45,3.2,0.0,-0.0906518852127721,False,50,-0.023217457570759853
2023-08-19,2023,Morphettville,217171568,45690721,4.49,2.74,2.69,1.0,-0.14224635442914507,False,50,-0.023671049098153624
2023-08-23,2023,Murray Bridge,217373141,59620465,4.4,2.18,2.03,1.0,-0.23144286905754793,False,50,-0.02548742264266282
2023-08-26,2023,Morphettville,217459016,59684607,5.44,3.0,2.51,0.0,-0.14950980392156862,False,50,-0.028394957212885874
2023-08-26,2023,Morphettville,217459052,41589650,7.05,4.1,3.95,1.0,-0.10205846739318458,False,50,-0.028394957212885874
2023-08-27,2023,Port Augusta,217546933,47462538,5.85,4.1,3.91,0.0,-0.07296226808421932,False,50,-0.03133828990538054
2023-08-30,2023,Mount Gambier,217653986,59887526,4.4,2.98,2.82,0.0,-0.10829774252593047,False,50,-0.0254646785024166
2023-08-30,2023,Mount Gambier,217653998,59453510,3.7,2.82,2.6,0.0,-0.08433965880774397,False,50,-0.0254646785024166
2023-09-02,2023,Morphettville,217738961,48908180,5.8,3.7,3.65,1.0,-0.09785647716682194,False,50,-0.020360026566195122
2023-09-06,2023,Murray Bridge,217913920,60151651,5.13,3.75,3.3,0.0,-0.07173489278752435,False,50,-0.017583509028203492
2023-09-13,2023,Balaklava,218166812,19276971,5.0,3.35,3.51,0.0,-0.09850746268656713,False,50,-0.018123765911833067
2023-09-16,2023,Morphettville,218247189,52237725,4.39,3.0,3.45,0.0,-0.10554290053151097,False,50,-0.017924220529699192
2023-09-20,2023,Strathalbyn,218447917,60695771,4.57,3.2,3.12,1.0,-0.0936816192560175,False,50,-0.013645597690799677
2023-09-23,2023,Morphettville,218547344,50353567,4.24,2.52,2.41,1.0,-0.16097634022162324,False,50,-0.018454398597046368
2023-09-24,2023,Mount Gambier,218630977,47462549,4.83,3.35,3.3,0.0,-0.09146812521244707,False,50,-0.024251381793892024
2023-09-27,2023,Murray Bridge,218782910,60987278,7.94,4.7,4.28,0.0,-0.08682137306393697,False,50,-0.024098339774145217
2023-09-27,2023,Murray Bridge,218782916,60987289,4.69,3.25,3.23,1.0,-0.09447269148761689,False,50,-0.024098339774145217
2023-09-27,2023,Murray Bridge,218782922,42560916,4.75,2.7,2.58,0.0,-0.15984405458089668,False,50,-0.024098339774145217
2023-09-30,2023,Morphettville,218893483,42169395,4.18,3.05,3.0,0.0,-0.08863440269825085,False,50,-0.022685565939154606
2023-10-06,2023,Morphettville,219227999,50685805,4.84,3.45,3.66,0.0,-0.08324350221583424,False,50,-0.019558109241329363
2023-10-06,2023,Morphettville,219228011,61336731,5.3,3.45,3.22,0.0,-0.10117582718074924,False,50,-0.019558109241329363
2023-10-07,2023,Murray Bridge,219235095,61337569,4.2,3.15,2.97,0.0,-0.07936507936507936,False,50,-0.019704109537461434
2023-10-08,2023,Strathalbyn,219321980,61068583,5.3,3.65,3.61,0.0,-0.08529335745670713,False,50,-0.019601047979755676
2023-10-11,2023,Mount Gambier,219466403,61522441,4.51,3.35,3.12,0.0,-0.07677797266439418,False,50,-0.020501253764005217
2023-10-11,2023,Mount Gambier,219466415,39689711,4.49,3.2,3.25,0.0,-0.08978285077951004,False,50,-0.020501253764005217
2023-10-14,2023,Morphettville,219583811,41574404,4.84,3.55,3.74,0.0,-0.07507857059713655,False,50,-0.016759378229991823
2023-10-18,2023,Balaklava,219799095,60987296,3.6,2.5,2.53,1.0,-0.12222222222222223,False,50,-0.012662501570494505
2023-10-18,2023,Balaklava,219799107,61791131,4.93,3.5,3.72,0.0,-0.08287452912199358,False,50,-0.012662501570494505
2023-10-18,2023,Balaklava,219799119,51735683,9.62,4.5,4.43,0.0,-0.11827211827211825,False,50,-0.012662501570494505
2023-10-22,2023,Naracoorte,219964432,61861098,5.32,2.7,2.55,0.0,-0.18240044555834029,False,50,-0.009381849738501202
2023-10-22,2023,Naracoorte,219964456,61861122,5.49,3.8,3.91,0.0,-0.08100853225961077,False,50,-0.009381849738501202
2023-10-25,2023,Port Lincoln,220115324,62032528,4.26,2.8,2.76,1.0,-0.12240107310529846,False,50,-0.007855106180465837
2023-10-25,2023,Port Lincoln,220115371,28101890,5.18,3.65,3.69,1.0,-0.08092240968953296,False,50,-0.007855106180465837
2023-10-27,2023,Gawler,220214470,53914046,3.36,2.24,2.22,1.0,-0.14880952380952378,False,50,-0.01570319829794209
2023-10-27,2023,Gawler,220214494,17758921,5.52,2.82,2.76,0.0,-0.1734505087881591,False,50,-0.01570319829794209
2023-10-27,2023,Gawler,220214500,62063850,3.91,2.5,2.53,0.0,-0.1442455242966752,False,50,-0.01570319829794209
2023-10-28,2023,Morphettville,220213506,62097623,5.39,3.0,3.05,1.0,-0.14780457637600491,False,50,-0.014242130031073857
2023-10-28,2023,Morphettville,220213518,37173191,5.37,3.35,3.41,0.0,-0.11228772339420215,False,50,-0.014242130031073857
2023-10-28,2023,Morphettville,220213530,62097627,4.31,2.82,2.78,0.0,-0.12259136759309539,False,50,-0.014242130031073857
2023-10-29,2023,Bordertown,220299576,62135322,5.77,3.15,3.14,0.0,-0.14415009215702454,False,50,-0.016147519493346307
2023-11-01,2023,Strathalbyn,220482924,55978173,5.17,3.5,3.44,0.0,-0.09229068803536886,False,50,-0.01619972343393039
2023-11-04,2023,Morphettville,220593265,62355454,5.43,3.9,4.07,1.0,-0.07224819379515515,False,50,-0.01679345527666315
2023-11-04,2023,Morphettville,220593277,41006122,4.73,3.4,2.91,0.0,-0.08270115657256563,False,50,-0.01679345527666315
2023-11-09,2023,Gawler,220909124,62591835,5.84,2.94,3.47,0.0,-0.16890317770943994,False,50,-0.01651279651151999
2023-11-11,2023,Morphettville,220954335,44966280,5.43,3.7,3.91,0.0,-0.08610820765516894,False,50,-0.01556860170970123
2023-11-11,2023,Morphettville,220954359,62632839,4.97,3.6,3.75,0.0,-0.07657053431701319,False,50,-0.01556860170970123
2023-11-11,2023,Morphettville,220954371,52670365,8.27,5.2,5.24,0.0,-0.07138870802716024,False,50,-0.01556860170970123
2023-11-12,2023,Naracoorte,221054267,50353596,4.75,3.45,3.08,0.0,-0.07932875667429445,False,50,-0.0124305890613563
2023-11-15,2023,Murray Bridge,221214456,62788604,5.59,3.75,3.67,0.0,-0.08777579010137149,False,50,-0.012966705064704598
2023-11-15,2023,Murray Bridge,221214462,49914335,4.83,3.35,3.38,1.0,-0.09146812521244707,False,50,-0.012966705064704598
2023-11-18,2023,Morphettville,221299204,42845191,3.98,2.94,2.97,1.0,-0.08887977301473354,False,50,-0.011161490525868983
2023-11-18,2023,Morphettville,221299210,25573692,4.49,3.0,2.92,1.0,-0.11061618411284335,False,50,-0.011161490525868983
2023-11-22,2023,Balaklava,221513033,2301736,3.59,2.18,2.24,0.0,-0.180164064296849,False,50,-0.013728644324526473
2023-11-22,2023,Balaklava,221513039,2066639,5.11,3.55,3.41,0.0,-0.085995424602409,False,50,-0.013728644324526473
2023-11-22,2023,Balaklava,221513063,63025811,5.8,4.1,3.87,0.0,-0.07148864592094198,False,50,-0.013728644324526473
2023-11-25,2023,Morphettville,221601751,63084162,6.35,4.1,4.25,0.0,-0.08642212406376035,False,50,-0.0018248303637389274
2023-11-25,2023,Morphettville,221601769,62432411,5.44,3.85,3.42,0.0,-0.07591673032849502,False,50,-0.0018248303637389274
2023-11-26,2023,Port Lincoln,221680001,43837587,4.83,3.2,3.18,0.0,-0.10546066252587993,False,50,-0.00228203521640713
2023-11-29,2023,Gawler,221805149,63296615,3.27,2.5,2.37,1.0,-0.09418960244648322,False,50,-0.00224025961781657
2023-12-01,2023,Mount Gambier,221906479,52670370,5.24,3.1,3.12,0.0,-0.13174095050480178,False,50,-0.001630374672832724
2023-12-02,2023,Morphettville,221908092,26235599,5.16,3.75,3.8,1.0,-0.07286821705426358,False,50,-0.0009398592941797512
2023-12-02,2023,Morphettville,221908128,28092503,5.62,3.8,3.63,0.0,-0.08522195167634386,False,50,-0.0009398592941797512
2023-12-02,2023,Morphettville,221908140,44562803,4.33,2.98,2.9,0.0,-0.10462358758156767,False,50,-0.0009398592941797512
2023-12-03,2023,Clare,221996132,51177968,5.57,3.9,3.51,1.0,-0.0768770427657322,False,50,-0.0006611006821033716
2023-12-06,2023,Balaklava,222130301,63551727,4.66,2.78,2.79,1.0,-0.14511995553771578,True,50,0.0013362397506543333
2023-12-08,2023,Port Lincoln,222212769,52696634,3.13,2.04,2.08,0.0,-0.17070726053999874,False,50,-0.003726525946904924
2023-12-09,2023,Morphettville,222217257,3683165,2.52,2.02,2.13,1.0,-0.09822410812509824,False,50,-0.0015502904221252056
2023-12-09,2023,Morphettville,222217313,53914046,3.82,2.92,2.56,0.0,-0.08068564871261563,False,50,-0.0015502904221252056
2023-12-10,2023,Murray Bridge,222290791,62788604,2.65,2.16,2.28,1.0,-0.08560447239692515,False,50,-0.0018144920327279601
2023-12-10,2023,Murray Bridge,222290805,48198618,3.94,3.0,3.05,0.0,-0.07952622673434856,False,50,-0.0018144920327279601
2023-12-10,2023,Murray Bridge,222290817,41234140,4.09,2.96,2.94,1.0,-0.09333906033172534,False,50,-0.0018144920327279601
2023-12-10,2023,Murray Bridge,222290823,42070143,4.34,2.64,2.78,1.0,-0.14837313224409998,False,50,-0.0018144920327279601
2023-12-17,2023,Bordertown,222566935,55244088,3.89,2.88,3.01,0.0,-0.09015281348186233,False,50,-0.0133217167943383
2023-12-23,2023,Murray Bridge,222759649,64121563,5.23,3.65,3.79,0.0,-0.08276801382959217,False,50,-0.013021367569470116
2023-12-26,2023,Morphettville,222816446,4318976,4.02,2.94,2.84,1.0,-0.09137983551629603,False,50,-0.013050186495518035
2023-12-26,2023,Morphettville,222816488,56357607,5.2,3.6,3.71,0.0,-0.0854700854700855,False,50,-0.013050186495518035
2023-12-26,2023,Morphettville,222816495,49683458,4.51,3.15,3.23,1.0,-0.09573082743814448,False,50,-0.013050186495518035
2023-12-29,2023,Naracoorte,222949134,28453355,4.96,3.55,3.36,0.0,-0.08007723761926397,False,50,-0.016084636350976955
2023-12-30,2023,Morphettville,222949221,29060402,4.46,2.76,3.07,0.0,-0.1381035939429389,False,50,-0.016120378621069492
2023-12-30,2023,Morphettville,222949242,64319046,5.39,3.6,3.25,1.0,-0.09224902082044939,False,50,-0.016120378621069492
2024-01-01,2024,Murray Bridge,223041281,27202684,7.1,4.4,4.3,0.0,-0.08642765685019205,False,50,-0.02014387087326594
2024-01-03,2024,Mount Gambier,223108719,61932211,6.49,3.95,4.3,0.0,-0.09908135203136273,False,50,-0.020229033445502198
2024-01-13,2024,Murray Bridge,223400380,64763099,4.55,3.1,3.07,1.0,-0.10280042538107054,False,50,-0.015974923648789274
2024-01-13,2024,Murray Bridge,223400394,63363895,4.83,3.45,3.25,0.0,-0.08281573498964806,False,50,-0.015974923648789274
2024-01-17,2024,Oakbank,223597968,62097618,5.04,3.4,3.43,0.0,-0.09570494864612514,False,50,-0.011929830894071097
2024-01-20,2024,Gawler,223680071,58371168,6.96,4.0,4.17,1.0,-0.10632183908045978,False,50,-0.012845668390490034
2024-01-24,2024,Port Lincoln,223873988,65204356,4.08,3.1,2.91,1.0,-0.07748260594560405,False,50,-0.0181532031953672
2024-01-24,2024,Port Lincoln,223874030,28223906,5.48,3.45,3.49,0.0,-0.10737332063895061,False,50,-0.0181532031953672
2024-01-26,2024,Murray Bridge,223940806,28369290,6.14,4.2,3.8,0.0,-0.07522878858383741,False,50,-0.01606867454497543
2024-01-27,2024,Morphettville,223945527,54404318,7.02,3.8,3.84,0.0,-0.12070775228669964,False,50,-0.01690370908297556
2024-01-31,2024,Mount Gambier,224159190,64493823,7.11,4.5,4.63,0.0,-0.08157524613220815,False,50,-0.017339400772756863
2024-02-02,2024,Strathalbyn,224242571,42154673,4.32,3.15,3.1,0.0,-0.08597883597883599,False,50,-0.017631777187877923
2024-02-03,2024,Morphettville,224244794,41397875,5.69,3.6,3.67,1.0,-0.10203085334895531,False,50,-0.014434512983923287
2024-02-03,2024,Morphettville,224244800,62869211,6.98,4.5,3.74,0.0,-0.07895574657752308,False,50,-0.014434512983923287
2024-02-05,2024,Balaklava,224414622,65557298,6.98,3.85,3.65,0.0,-0.11647378409556058,False,50,-0.019576730116393992
2024-02-05,2024,Balaklava,224414634,42844816,4.85,3.55,3.6,1.0,-0.07550457383476114,False,50,-0.019576730116393992
2024-02-07,2024,Murray Bridge,224462590,65732189,4.48,3.35,3.28,1.0,-0.07529317697228144,False,50,-0.022437511585767594
2024-02-07,2024,Murray Bridge,224462597,65732195,4.91,3.5,3.4,0.0,-0.08204829793424498,False,50,-0.022437511585767594
2024-02-09,2024,Oakbank,224548251,28435290,5.01,2.86,2.62,0.0,-0.15004955124715608,False,50,-0.025101650159437328
2024-02-09,2024,Oakbank,224548263,65787401,5.34,3.55,3.17,0.0,-0.09442422324207417,False,50,-0.025101650159437328
2024-02-09,2024,Oakbank,224548275,63402164,4.63,3.4,3.29,1.0,-0.07813492567653413,False,50,-0.025101650159437328
2024-02-10,2024,Morphettville,224549866,51454757,6.42,4.2,4.47,1.0,-0.08233199821984868,False,50,-0.020440352172711812
2024-02-10,2024,Morphettville,224549887,50005811,4.84,2.96,2.89,1.0,-0.13122626758990394,False,50,-0.020440352172711812
2024-02-11,2024,Naracoorte,224626092,42087626,6.22,2.96,2.66,1.0,-0.17706613365777352,False,50,-0.026367315553606274
2024-02-14,2024,Gawler,224779856,65260446,4.67,2.76,2.69,0.0,-0.14818607826707636,False,50,-0.03250528189339799
2024-02-14,2024,Gawler,224779868,49513072,4.9,2.74,2.8,1.0,-0.16088187099657383,False,50,-0.03250528189339799
2024-02-15,2024,Kangaroo Island,224823218,43668984,4.46,3.25,3.15,0.0,-0.0834770610555364,False,50,-0.03669013843962904
2024-02-17,2024,Morphettville,224862965,55494162,3.71,2.4,2.4,0.0,-0.14712488769092547,False,50,-0.036475575103147195
2024-02-17,2024,Morphettville,224862979,38515269,5.38,3.25,3.18,0.0,-0.1218187017443523,False,50,-0.036475575103147195
2024-02-17,2024,Kangaroo Island,224899864,5054130,4.33,3.1,2.77,0.0,-0.09163376294420025,False,50,-0.036475575103147195
2024-02-18,2024,Port Lincoln,224931182,61068533,4.36,3.3,3.35,1.0,-0.07367250486516544,False,50,-0.03225006575554848
2024-02-18,2024,Port Lincoln,224931218,66069569,6.7,4.0,3.55,0.0,-0.10074626865671643,False,50,-0.03225006575554848
2024-02-21,2024,Strathalbyn,225072511,66239940,5.19,3.55,3.57,1.0,-0.08901191348476217,False,50,-0.03211620649024152
2024-03-02,2024,Morphettville,225458087,65787501,4.67,2.96,2.87,1.0,-0.12370507552520399,False,50,-0.03601761586252189
2024-03-02,2024,Morphettville,225458129,66543159,4.89,3.4,3.03,1.0,-0.08961866955371106,False,50,-0.03601761586252189
2024-03-02,2024,Morphettville,225458136,66543162,4.44,3.15,2.61,1.0,-0.09223509223509224,False,50,-0.03601761586252189
2024-03-06,2024,Balaklava,225684409,51982365,4.88,2.7,2.62,1.0,-0.1654523375834851,False,50,-0.04120118152661806
2024-03-09,2024,Murray Bridge,225793004,66790075,4.28,2.98,3.2,0.0,-0.10192560998557362,False,50,-0.0437387268189347
2024-03-10,2024,Clare,225886878,53407694,4.87,3.45,3.5,1.0,-0.08451626342886054,False,50,-0.04355345380617187
2024-03-10,2024,Clare,225886890,50379679,5.06,3.5,3.5,0.0,-0.08808582721626196,False,50,-0.04355345380617187
2024-03-11,2024,Morphettville,225849589,51784036,4.56,3.1,3.13,1.0,-0.10328239954725521,False,50,-0.04419394057613146
2024-03-13,2024,Strathalbyn,226031743,58813797,7.12,4.1,2.32,0.0,-0.10345300082214307,False,50,-0.04455943815214619
2024-03-13,2024,Strathalbyn,226031764,50997552,4.93,3.15,3.25,0.0,-0.11462056086802533,False,50,-0.04455943815214619
2024-03-22,2024,Mount Gambier,226413720,67289356,3.5,2.32,2.16,1.0,-0.14532019704433502,False,50,-0.03953388188254825
2024-03-22,2024,Mount Gambier,226413732,45942762,4.8,3.45,3.21,0.0,-0.08152173913043478,False,50,-0.03953388188254825
2024-03-22,2024,Mount Gambier,226413750,38276525,5.04,3.15,2.98,0.0,-0.11904761904761904,False,50,-0.03953388188254825
2024-03-23,2024,Morphettville,226414104,9521371,3.85,2.98,2.98,1.0,-0.07583021005839802,False,50,-0.040217660440070524
2024-03-27,2024,Strathalbyn,226646606,1405464,5.93,4.0,3.98,1.0,-0.08136593591905564,False,50,-0.03955112671979183
2024-03-27,2024,Strathalbyn,226646634,57305565,4.69,3.25,3.23,0.0,-0.09447269148761689,False,50,-0.03955112671979183
2024-03-30,2024,Oakbank,226736666,60490286,3.62,2.82,2.8,0.0,-0.07836683515536225,False,50,-0.04353435484068863
2024-03-30,2024,Oakbank,226736673,42571687,5.37,3.15,2.9,1.0,-0.13124057816795245,False,50,-0.04353435484068863
2024-03-30,2024,Oakbank,226736680,67530884,3.61,2.84,2.87,1.0,-0.07510436580703056,False,50,-0.04353435484068863
2024-03-30,2024,Oakbank,226736694,54670688,5.27,3.45,3.74,0.0,-0.10010175178065617,False,50,-0.04353435484068863
2024-03-30,2024,Oakbank,226736701,53751273,6.79,4.6,4.24,1.0,-0.07011589934046233,False,50,-0.04353435484068863
2024-03-30,2024,Clare,226779846,67530633,3.08,2.08,2.02,1.0,-0.15609390609390605,False,50,-0.04353435484068863
2024-03-31,2024,Penola,226829115,65260443,5.49,3.55,3.47,0.0,-0.09954077836783912,False,50,-0.05097165648346075
2024-04-01,2024,Oakbank,226730262,630430,5.85,4.1,3.83,0.0,-0.07296226808421932,False,50,-0.0466324957377689
2024-04-03,2024,Murray Bridge,226958609,67222542,4.7,3.15,3.55,1.0,-0.10469436001350893,False,50,-0.04380753882163091
2024-04-03,2024,Murray Bridge,226958616,4827507,5.31,3.65,3.66,1.0,-0.08564868560224953,False,50,-0.04380753882163091
2024-04-10,2024,Gawler,227312862,68063568,5.03,3.05,2.94,0.0,-0.12906169540136236,False,50,-0.051136729556488736
2024-04-13,2024,Morphettville,227403514,64205535,4.59,3.05,2.92,0.0,-0.11000392871173972,False,50,-0.050756456271745076
2024-04-24,2024,Mount Gambier,227955350,68569513,4.4,2.38,2.6,1.0,-0.1928953399541635,False,50,-0.05014782196679968
2024-04-25,2024,Gawler,228003620,68599930,2.87,2.22,2.45,0.0,-0.10201839470132151,False,50,-0.05630981685972514
2024-04-28,2024,Strathalbyn,228146731,61791107,3.22,2.38,2.34,0.0,-0.10960906101571066,False,50,-0.05152403875663736
2024-05-04,2024,Morphettville,228372821,48198693,4.43,3.2,2.99,0.0,-0.08676636568848756,False,50,-0.05049930124918589
2024-05-04,2024,Morphettville,228372856,68890283,4.06,3.15,3.05,1.0,-0.07115489874110559,False,50,-0.05049930124918589
2024-05-05,2024,Port Augusta,228448323,46652556,5.71,3.95,4.19,0.0,-0.07803320845064174,False,50,-0.050264540179042916
2024-05-08,2024,Gawler,228579903,53882874,3.12,2.16,2.12,1.0,-0.14245014245014243,False,50,-0.047370028785397145
2024-05-08,2024,Gawler,228579924,69066733,4.37,2.44,2.32,0.0,-0.18100311362869043,False,50,-0.047370028785397145
2024-05-08,2024,Gawler,228579931,51936167,3.86,2.8,2.53,0.0,-0.09807549962990375,False,50,-0.047370028785397145
2024-05-17,2024,Port Augusta,228960957,37173712,5.41,3.1,3.12,0.0,-0.13773776161230694,False,50,-0.05065215600206224
2024-05-25,2024,Murray Bridge,229233968,69641810,4.6,2.68,2.83,0.0,-0.1557430240103828,False,50,-0.046926064441835946
2024-05-31,2024,Port Augusta,229466388,22636222,4.01,3.05,2.9,0.0,-0.07849229385552514,False,50,-0.04244192266731933
2024-05-31,2024,Port Augusta,229466394,2779205,5.03,3.5,3.6,0.0,-0.08690712865663164,False,50,-0.04244192266731933
2024-06-01,2024,Morphettville,229470763,68450227,5.8,4.1,3.95,0.0,-0.07148864592094198,False,50,-0.03155653149198942
2024-06-02,2024,Penola,229522150,69322915,4.04,2.04,1.93,1.0,-0.242671325956125,False,50,-0.03266973586466265
2024-06-09,2024,Port Augusta,229700326,26222525,5.94,3.7,3.85,0.0,-0.1019201019201019,False,50,-0.03419182114281097
2024-06-09,2024,Port Augusta,229700344,41119955,6.56,4.4,4.4,0.0,-0.07483370288248337,False,50,-0.03419182114281097
2024-06-12,2024,Mount Gambier,229786599,64575162,5.28,3.5,3.79,0.0,-0.0963203463203463,False,50,-0.03563664001627015
2024-06-19,2024,Balaklava,229946867,70570691,5.14,2.72,2.52,0.0,-0.17309452964065,False,50,-0.03592389941712726
2024-06-23,2024,Port Augusta,230029987,70666680,6.03,3.15,3.05,0.0,-0.15162283819000236,False,50,-0.0349920621566622
2024-06-23,2024,Port Augusta,230030017,63161111,4.67,2.78,2.84,0.0,-0.14557946790319354,False,50,-0.0349920621566622
2024-06-26,2024,Gawler,230105557,43884350,4.3,2.6,2.6,0.0,-0.15205724508050086,False,50,-0.03049769508911762
2024-06-29,2024,Morphettville,230159293,7151469,4.43,3.3,3.21,0.0,-0.0772966687187906,False,50,-0.02590479315636096
2024-07-06,2024,Gawler,230371089,44327601,5.64,3.35,3.3,0.0,-0.12120249814756004,False,50,-0.021504787613035925
2024-07-10,2024,Mount Gambier,230512560,63084119,5.47,3.55,3.57,0.0,-0.09887478435512528,False,50,-0.017660354904515146
2024-07-13,2024,Murray Bridge,230571760,71403409,4.27,2.98,2.76,0.0,-0.10137843232793173,False,50,-0.014053486619181127
2024-07-17,2024,Gawler,230729716,42201555,8.11,3.55,3.35,0.0,-0.15838557857626648,False,50,-0.008183816741858474
2024-07-24,2024,Murray Bridge,230955124,4538804,4.35,3.1,2.93,0.0,-0.09269558769002592,False,50,-0.008061262728074503
2024-07-26,2024,Bordertown,231018163,44966104,4.87,3.0,2.61,1.0,-0.12799452429842573,False,50,-0.004493428261979987
2024-07-28,2024,Gawler,231078894,71939974,7.28,3.75,3.7,0.0,-0.12930402930402932,False,50,-0.00908578045067071
2024-08-03,2024,Murray Bridge,231277867,72167534,5.73,3.15,3.08,0.0,-0.14294024765228952,False,50,-0.005028963171488293
2024-08-09,2024,Mount Gambier,231536242,72414173,4.49,2.6,2.54,0.0,-0.16189823539489462,False,50,-0.004417734304978549
2024-08-21,2024,Balaklava,231995695,72850425,4.62,3.2,3.24,0.0,-0.09604978354978355,False,50,-0.0036439547206114364
2024-08-24,2024,Morphettville,232084524,71651605,3.32,2.34,2.48,0.0,-0.12614560807331893,True,50,0.001101802791819706
2024-08-28,2024,Strathalbyn,232294134,55781512,5.07,3.3,3.31,1.0,-0.10579164425318274,True,50,0.002127619978732481
2024-08-28,2024,Strathalbyn,232294161,52670875,4.19,2.94,2.68,1.0,-0.1014725699348952,True,50,0.002127619978732481
2024-08-30,2024,Naracoorte,232367666,28485916,5.21,3.65,3.5,0.0,-0.08203402308521546,False,50,-0.0030277289707131005
2024-09-04,2024,Murray Bridge,232553181,72167533,4.52,3.3,3.0,1.0,-0.08179136497720568,True,50,0.0003100687912620248
2024-09-07,2024,Morphettville,232631825,64051199,3.64,2.74,2.6,1.0,-0.09023822892436034,False,50,-0.0030882109005214986
2024-09-11,2024,Balaklava,232822521,1260068,3.43,2.58,2.5,1.0,-0.09605170972043303,False,50,-0.006532011506244273
2024-09-11,2024,Balaklava,232822563,43308857,4.13,3.05,2.94,0.0,-0.08573810185368955,False,50,-0.006532011506244273
2024-09-14,2024,Morphettville,232895738,46790789,7.2,4.6,4.7,0.0,-0.07850241545893721,False,50,-0.0021052731713148976
2024-09-22,2024,Mount Gambier,233259062,46080721,5.53,3.35,3.25,0.0,-0.11767563628512048,False,50,-0.002506088862783834
2024-10-02,2024,Balaklava,233780210,74459603,3.71,2.68,2.68,0.0,-0.1035925493824677,True,50,0.0009152995419130783
2024-10-05,2024,Morphettville,233870285,65732381,3.39,2.68,2.59,1.0,-0.0781490776207458,True,50,0.005976085177359675
2024-10-07,2024,Gawler,234013842,74571829,4.88,3.6,3.43,1.0,-0.07285974499089254,True,50,0.002970961745494466
2024-10-11,2024,Morphettville,234197245,74813702,5.13,3.6,3.38,0.0,-0.08284600389863547,True,50,0.00015459666475722833
2024-10-13,2024,Port Lincoln,234274215,66732599,5.78,3.3,3.5,1.0,-0.13001992240746568,True,50,0.0040153790022123825
2024-10-23,2024,Strathalbyn,234783708,42023223,9.960513733,5.8,6.14,1.0,-0.0720173650871987,True,50,0.0026865231993117578
2024-10-27,2024,Port Lincoln,235003736,8779680,6.53,4.2,4.2,0.0,-0.08495588128053672,False,50,-0.001160703912607114
2024-10-27,2024,Port Lincoln,235003742,67077283,5.55,3.65,3.79,0.0,-0.09379242255954581,False,50,-0.001160703912607114
2024-10-27,2024,Port Lincoln,235003748,23211041,6.21,3.3,3.0,0.0,-0.14199970721709854,False,50,-0.001160703912607114
2024-10-30,2024,Balaklava,235172351,39232687,4.46,2.88,2.93,1.0,-0.1230069755854509,True,50,0.004061277663176904
2024-11-02,2024,Morphettville,235297645,5749747,4.93,3.65,3.29,0.0,-0.0711328461474339,False,50,-0.0010550716321962583
2024-11-02,2024,Morphettville,235297681,63859101,4.89,3.15,3.84,0.0,-0.11296133995520496,False,50,-0.0010550716321962583
2024-11-06,2024,Port Lincoln,235558655,52696646,4.96,3.6,3.56,0.0,-0.07616487455197132,True,50,0.0019123837443850433
2024-11-06,2024,Port Lincoln,235558673,41408638,4.14,3.2,3.23,0.0,-0.07095410628019322,True,50,0.0019123837443850433
2024-11-07,2024,Gawler,235609712,75965266,5.68,3.9,3.99,0.0,-0.08035391838208741,True,50,0.006226329875878678
2024-11-09,2024,Morphettville,235657115,45367390,4.07,3.15,3.01,0.0,-0.07176007176007176,True,50,0.004609315969546585
2024-11-09,2024,Morphettville,235657124,47841843,4.34,2.94,2.87,1.0,-0.1097213078779899,True,50,0.004609315969546585
2024-11-09,2024,Morphettville,235657142,27693011,4.7,3.5,3.36,1.0,-0.07294832826747719,True,50,0.004609315969546585
2024-11-09,2024,Morphettville,235657160,59620345,4.25,2.98,3.0,0.0,-0.10027635215159891,True,50,0.004609315969546585
2024-11-13,2024,Murray Bridge,235882706,76246380,3.38,2.66,2.61,0.0,-0.08008186145837964,False,50,-0.004117160048399571
2024-11-20,2024,Balaklava,236144912,17526090,6.56,3.85,4.2,0.0,-0.10730123535001582,False,50,-0.003883350968198751
2024-11-23,2024,Morphettville,236226177,773678,6.09,3.45,3.32,0.0,-0.12565145998429358,False,50,-0.0035940417149355475
2024-11-24,2024,Strathalbyn,236279141,76706000,3.5,2.6,2.76,1.0,-0.09890109890109888,True,50,0.0036734002125115017
2024-11-24,2024,Strathalbyn,236279147,67222531,4.55,3.4,3.31,0.0,-0.07433742727860376,True,50,0.0036734002125115017
2024-11-29,2024,Naracoorte,236499283,77021260,5.77,3.95,3.6,0.0,-0.07985433165873237,True,50,0.00034493045872796557
2024-11-29,2024,Naracoorte,236499295,77021278,4.65,2.7,2.74,0.0,-0.15531660692951016,True,50,0.00034493045872796557
2024-11-30,2024,Morphettville,236496272,70102537,4.19,3.05,3.12,1.0,-0.08920536797214293,False,50,-1.695580620994508e-05
2024-11-30,2024,Morphettville,236496283,76335241,3.76,2.46,2.52,0.0,-0.14054661823213976,False,50,-1.695580620994508e-05
2024-12-01,2024,Clare,236582894,65732198,5.98,4.2,4.0,0.0,-0.07087115782767955,False,50,-0.0038205528318043247
2024-12-04,2024,Balaklava,236706157,77301804,5.09,3.7,3.44,1.0,-0.07380661604630165,False,50,-0.005122957960536578
2024-12-06,2024,Port Lincoln,236806927,77385805,4.48,2.96,2.98,1.0,-0.11462355212355213,False,50,-0.008203695389073173
2024-12-07,2024,Morphettville,236809433,77385665,3.16,2.26,2.3,0.0,-0.1260221799036631,False,50,-0.012655834824043005
2024-12-07,2024,Morphettville,236809496,62355454,4.83,3.3,3.31,1.0,-0.09599096555618297,False,50,-0.012655834824043005
2024-12-07,2024,Morphettville,236809505,38924459,4.69,3.1,2.86,1.0,-0.1093610289565995,False,50,-0.012655834824043005
2024-12-08,2024,Murray Bridge,236889383,77427290,5.94,3.35,2.77,0.0,-0.1301572943363988,False,50,-0.020162607057843313
2024-12-13,2024,Morphettville,237090623,72096707,4.9,2.76,2.67,1.0,-0.158237207926649,False,50,-0.01997153119560463
2024-12-14,2024,Gawler,237091717,72641882,4.32,3.2,3.35,1.0,-0.08101851851851855,False,50,-0.020767667643984522
2024-12-14,2024,Gawler,237091744,77688234,6.0,3.5,3.52,0.0,-0.11904761904761904,False,50,-0.020767667643984522
2024-12-14,2024,Gawler,237091753,77688237,5.51,3.8,4.2,0.0,-0.08166969147005443,False,50,-0.020767667643984522
2024-12-14,2024,Gawler,237091771,59415268,5.66,4.0,4.06,0.0,-0.07332155477031801,False,50,-0.020767667643984522
2024-12-17,2024,Bordertown,237225862,76934188,4.98,3.55,3.65,0.0,-0.08088692799366484,False,50,-0.026131843365636565
2024-12-17,2024,Bordertown,237225880,51294777,5.17,3.6,3.5,0.0,-0.08435418009886095,False,50,-0.026131843365636565
2024-12-17,2024,Bordertown,237225892,382052,6.52,3.35,3.64,0.0,-0.14513322955773278,False,50,-0.026131843365636565
2024-12-18,2024,Port Lincoln,237267337,59768360,3.9,2.84,2.76,0.0,-0.09570241964608162,False,50,-0.019025321529949124
2024-12-18,2024,Port Lincoln,237267351,40433970,4.69,3.45,3.37,0.0,-0.0766354562590773,False,50,-0.019025321529949124
2024-12-21,2024,Murray Bridge,237350928,59231890,4.89,3.55,3.28,0.0,-0.07719116333995796,False,50,-0.01543988273466651
2024-12-21,2024,Murray Bridge,237350937,3515862,4.27,3.25,3.16,0.0,-0.0735002702215817,False,50,-0.01543988273466651
2024-12-22,2024,Mount Gambier,237427118,6991391,3.9,2.96,2.73,0.0,-0.08142758142758139,False,50,-0.008900265023712273
2024-12-27,2024,Strathalbyn,237550403,59620493,6.01,3.3,3.24,0.0,-0.13664095194877224,False,50,-0.008909915002542679
2024-12-28,2024,Morphettville,237551101,78230140,4.18,3.0,2.91,0.0,-0.09409888357256774,False,50,-0.008186453149501782
2024-12-28,2024,Morphettville,237551128,63084171,6.03,4.1,4.3,0.0,-0.07806495975407518,False,50,-0.008186453149501782
2024-12-28,2024,Morphettville,237551155,62355454,5.37,3.9,3.96,1.0,-0.07019051711789145,False,50,-0.008186453149501782
2024-12-31,2024,Port Lincoln,237666341,64721018,7.28,4.2,4.1,0.0,-0.10073260073260074,False,50,-0.009033374597230748
2025-01-01,2025,Murray Bridge,237700433,63363700,4.38,3.15,2.89,1.0,-0.0891498151772124,False,50,-0.006065949705705204
2025-01-04,2025,Murray Bridge,237750411,78464660,6.01,3.65,3.64,0.0,-0.10758325165819521,False,50,-0.009442076905798652
2025-01-05,2025,Naracoorte,237803133,7613624,4.72,3.3,3.17,1.0,-0.091165896250642,False,50,-0.004531664046554612
2025-01-08,2025,Oakbank,237916447,49297058,6.86,3.8,4.3,0.0,-0.11738529998465552,False,50,-0.004751730005079446
2025-01-11,2025,Murray Bridge,237998226,66790075,6.78,3.35,3.42,0.0,-0.15101483731783558,False,50,-0.004456435037408779
2025-01-15,2025,Strathalbyn,238201883,78916275,4.42,2.9,2.72,1.0,-0.11858324231549386,False,50,-0.003961304217024952
2025-01-17,2025,Penola,238277961,64545710,5.74,3.8,3.71,0.0,-0.08894186686227765,False,50,-0.00866817292364988
2025-01-18,2025,Murray Bridge,238280945,78976345,3.21,2.42,2.33,1.0,-0.10169666074508898,False,50,-0.004375692731964115
2025-01-24,2025,Murray Bridge,238564249,79257849,5.5,3.7,3.89,0.0,-0.0884520884520884,False,50,-0.007647807240611787
2025-01-24,2025,Murray Bridge,238564273,62788621,7.74,4.4,4.2,0.0,-0.09807376086445854,False,50,-0.007647807240611787
2025-01-29,2025,Morphettville,238789566,72583849,3.9,2.68,2.59,1.0,-0.11672407194795248,False,50,-0.00805831254157327
2025-02-02,2025,Mount Gambier,238956053,78047845,4.89,3.45,3.14,1.0,-0.08535609495865565,False,50,-0.012043851895894214
2025-02-08,2025,Morphettville,239192402,53148141,3.98,2.6,2.5,1.0,-0.13335910320834943,False,50,-0.015309180778243336
2025-02-14,2025,Clare,239528016,79455846,3.75,2.94,3.3,1.0,-0.07346938775510203,False,50,-0.01975580825234724
2025-02-14,2025,Clare,239528028,51616010,5.8,4.1,4.3,0.0,-0.07148864592094198,False,50,-0.01975580825234724
2025-02-15,2025,Morphettville,239524459,60816370,5.51,3.05,2.8,1.0,-0.14638064919222876,False,50,-0.015880229764523024
2025-02-16,2025,Naracoorte,239591894,80130139,3.73,2.1,2.06,1.0,-0.20809396144516784,False,50,-0.02138913977048812
2025-02-16,2025,Naracoorte,239591924,15469667,3.75,2.94,3.0,0.0,-0.07346938775510203,False,50,-0.02138913977048812
2025-02-20,2025,Kangaroo Island,239768260,78976754,5.13,3.5,3.4,0.0,-0.09078251183514338,False,50,-0.027684160527182367
2025-02-22,2025,Morphettville,239812675,79803691,3.99,2.46,2.39,1.0,-0.1558774986246103,False,50,-0.027952538128944632
2025-02-22,2025,Morphettville,239812684,80362435,3.83,2.7,2.36,0.0,-0.10927376462624505,False,50,-0.027952538128944632
2025-02-22,2025,Morphettville,239812702,80362437,4.55,3.15,3.14,0.0,-0.09768009768009767,False,50,-0.027952538128944632
2025-02-22,2025,Morphettville,239812720,48872095,5.19,3.55,3.47,0.0,-0.08901191348476217,False,50,-0.027952538128944632
2025-02-22,2025,Morphettville,239812747,80362461,4.45,3.25,3.03,0.0,-0.08297320656871221,False,50,-0.027952538128944632
2025-02-23,2025,Balaklava,239888871,57113795,5.01,3.55,3.92,0.0,-0.08208934244187682,False,50,-0.026057483034391815
2025-03-01,2025,Morphettville,240124555,38937016,5.67,3.8,3.24,1.0,-0.0867910517033324,False,50,-0.027157549727502783
2025-03-01,2025,Morphettville,240124582,80639313,4.85,3.6,3.49,0.0,-0.0715922107674685,False,50,-0.027157549727502783
2025-03-02,2025,Penola,240217437,54403833,6.84,4.1,3.85,1.0,-0.09770360861503355,False,50,-0.027484500772158194
2025-03-08,2025,Murray Bridge,240470460,58371149,5.73,3.9,3.66,0.0,-0.08189018660222852,False,50,-0.02733161274339796
2025-03-08,2025,Murray Bridge,240470514,79257855,7.04,3.95,4.1,0.0,-0.11111910241657072,False,50,-0.02733161274339796
2025-03-10,2025,Morphettville,240504435,80973061,6.21,3.95,3.87,0.0,-0.09213396114882078,False,50,-0.024799977999270723
2025-03-12,2025,Strathalbyn,240696548,81155857,6.69,4.4,3.96,0.0,-0.07779589618154642,False,50,-0.020834221396694302
2025-03-16,2025,Port Lincoln,240873165,81263581,6.65,3.35,3.83,0.0,-0.14813152283694309,False,50,-0.0214633285280367
2025-03-21,2025,Mount Gambier,241107273,81517804,5.95,4.1,4.1,0.0,-0.07583521213363398,False,50,-0.015596477160146116
2025-03-21,2025,Mount Gambier,241107279,41729046,3.99,3.1,3.13,1.0,-0.07195407874525023,False,50,-0.015596477160146116
2025-03-21,2025,Mount Gambier,241107297,7189781,5.18,3.7,3.3,0.0,-0.07722007722007718,False,50,-0.015596477160146116
2025-03-22,2025,Morphettville,241102353,81517757,4.6,2.68,2.65,0.0,-0.1557430240103828,False,50,-0.015753449826218985
2025-03-22,2025,Morphettville,241102407,60568481,5.08,3.55,3.49,0.0,-0.08483974714428305,False,50,-0.015753449826218985
2025-03-26,2025,Strathalbyn,241334911,5178491,4.38,2.42,2.45,0.0,-0.18491263821276274,False,50,-0.014508302354351937
2025-03-30,2025,Port Lincoln,241509600,62591843,6.86,4.3,4.39,1.0,-0.08678554478269715,False,50,-0.012930704900344009
2025-03-30,2025,Port Lincoln,241509612,36853005,6.45,4.4,4.9,0.0,-0.07223396758280479,False,50,-0.012930704900344009
2025-05-03,2025,Morphettville,243148393,82278031,4.38,3.3,3.25,0.0,-0.074719800747198,False,50,-0.01766953974165114
2025-05-10,2025,Morphettville,243470538,83378654,4.41,3.25,3.23,0.0,-0.08093493807779525,False,50,-0.017646573325583614
2025-05-10,2025,Morphettville,243470574,49739404,5.94,3.95,3.8,0.0,-0.08481438861185694,False,50,-0.017646573325583614
2025-05-11,2025,Port Augusta,243549879,69901990,6.85,4.2,3.82,0.0,-0.09210983663538405,False,50,-0.017613613009388324
2025-05-11,2025,Port Augusta,243549885,65260535,5.06,3.15,3.15,1.0,-0.1198318589622937,False,50,-0.017613613009388324
2025-05-21,2025,Balaklava,243969090,69066730,5.8,3.9,4.18,0.0,-0.08399646330680816,False,50,-0.022715457027198904
2025-05-24,2025,Murray Bridge,244044169,71904197,4.47,2.94,2.58,0.0,-0.1164224078893302,False,50,-0.023072622739573362
2025-06-01,2025,Penola,244364401,73482805,5.28,3.75,3.67,0.0,-0.07727272727272727,False,50,-0.022399454546744246
2025-06-04,2025,Balaklava,244447083,51052649,4.61,2.76,2.44,1.0,-0.14539910088339786,False,50,-0.019508381491194576
2025-06-11,2025,Mount Gambier,244657619,82277803,5.62,3.2,3.36,1.0,-0.13456405693950177,False,50,-0.024396347116356493
2025-06-27,2025,Bordertown,245099253,68063559,4.37,2.9,2.73,1.0,-0.1159946342618165,False,50,-0.025866123137689517
2025-06-28,2025,Morphettville,245099500,67038983,4.77,3.45,3.1,0.0,-0.08021146659374714,False,50,-0.030122589039867614
2025-07-02,2025,Murray Bridge,245229895,53858031,5.95,4.2,4.02,0.0,-0.0700280112044818,False,50,-0.026613459512716875
2025-07-23,2025,Murray Bridge,245866244,73176912,5.95,3.2,3.25,0.0,-0.1444327731092437,False,50,-0.027004653083370134
2025-07-26,2025,Morphettville,245916121,6946641,5.07,3.2,2.99,0.0,-0.1152613412228797,False,50,-0.02696351255329338
2025-07-30,2025,Balaklava,246088360,73176899,5.0,3.6,3.98,0.0,-0.07777777777777778,False,50,-0.022399510852326
2025-08-06,2025,Morphettville,246310059,86820485,5.04,3.5,3.45,0.0,-0.0873015873015873,False,50,-0.022434318039661505
2025-08-06,2025,Morphettville,246310068,86820493,3.57,2.22,2.36,0.0,-0.17033840563252323,False,50,-0.022434318039661505
2025-08-08,2025,Mount Gambier,246379247,73991426,4.88,3.1,3.15,0.0,-0.11766261237440506,False,50,-0.017306149193435927
2025-08-09,2025,Morphettville,246373704,61826539,4.51,3.3,3.48,1.0,-0.08130081300813008,False,50,-0.016764022136827872
2025-08-09,2025,Morphettville,246373731,50712912,4.51,2.68,2.38,0.0,-0.15140483833603596,False,50,-0.016764022136827872
2025-08-20,2025,Strathalbyn,246804231,87379556,4.36,3.2,3.26,0.0,-0.0831422018348624,False,50,-0.01159185759241499
2025-08-20,2025,Strathalbyn,246804294,59354641,5.91,4.0,3.59,0.0,-0.08079526226734349,False,50,-0.01159185759241499
2025-08-27,2025,Gawler,247063528,1133332,6.38,4.1,4.87,0.0,-0.08716262711216455,False,50,-0.004327911801740525
2025-09-10,2025,Balaklava,247548374,22459341,5.41,3.85,4.1,0.0,-0.07489737619127634,False,50,-0.0042247288534598415
2025-09-13,2025,Morphettville,247621893,3564748,4.82,3.55,3.35,0.0,-0.07422126117702066,True,50,0.000805259003098302
2025-09-13,2025,Morphettville,247621911,88376204,3.1,2.48,2.57,1.0,-0.08064516129032262,True,50,0.000805259003098302
2025-09-13,2025,Morphettville,247621929,79803699,6.67,3.3,3.45,0.0,-0.15310526554904366,True,50,0.000805259003098302
2025-09-13,2025,Morphettville,247621947,74459617,6.91,3.85,3.6,1.0,-0.11502245945082412,True,50,0.000805259003098302
2025-09-20,2025,Morphettville,247897828,1021612,4.03,2.84,2.78,0.0,-0.1039737182399609,True,50,0.004841036531795961
2025-09-21,2025,Mount Gambier,247958728,728875,4.96,3.15,2.76,1.0,-0.11584741423451098,True,50,0.0047091889425195654
2025-09-24,2025,Balaklava,248081380,88927587,4.83,2.9,2.96,0.0,-0.1377882487327765,True,50,0.00022840401832915913
2025-09-27,2025,Morphettville,248192725,77688228,4.96,3.65,3.66,1.0,-0.07235969951391955,True,50,0.0009047308342680915
2025-09-28,2025,Strathalbyn,248274415,89059903,4.33,3.3,3.05,0.0,-0.07208342081321298,False,50,-0.0021849102962563094
2025-10-01,2025,Balaklava,248388729,84696271,5.63,3.9,3.85,1.0,-0.0787903629821925,False,50,-0.0022052693878018836
2025-10-04,2025,Morphettville,248503189,1495090,5.05,3.65,3.6,0.0,-0.07595280075952798,False,50,-0.0019642302627511654
2025-10-04,2025,Morphettville,248503216,54738742,4.69,3.1,2.84,0.0,-0.1093610289565995,False,50,-0.0019642302627511654
2025-10-11,2025,Murray Bridge,248793126,89669649,4.62,3.45,2.56,0.0,-0.07340485601355168,True,50,0.002377564190672532
2025-10-19,2025,Halidon,249196125,90008949,6.65,4.4,4.55,0.0,-0.07689678742310321,True,50,0.002415090230773659
2025-10-19,2025,Halidon,249196137,40386336,4.57,2.92,3.28,0.0,-0.12364737268067502,True,50,0.002415090230773659
2025-10-22,2025,Strathalbyn,249343207,90180587,4.33,3.05,3.26,0.0,-0.09692197024192636,True,50,0.002742379349474633
2025-10-26,2025,Clare,249532621,80398909,4.57,2.92,2.85,0.0,-0.12364737268067502,True,50,0.0032394183990361314
2025-10-26,2025,Clare,249532633,90286175,4.24,3.25,3.54,0.0,-0.07184325108853415,True,50,0.0032394183990361314
2025-10-29,2025,Murray Bridge,249695848,42011063,5.6,3.85,3.73,0.0,-0.08116883116883114,True,50,0.0034537283636005
2025-11-01,2025,Morphettville,249831410,2605465,4.09,3.1,2.88,0.0,-0.07808186765517783,True,50,0.006218544525184833
2025-11-04,2025,Morphettville,249919279,80856213,7.85,3.9,3.4,0.0,-0.1290217213784093,True,50,0.0063885640946937106
2025-11-12,2025,Balaklava,250366416,91027083,4.57,3.35,3.44,0.0,-0.07968908194258464,True,50,0.005539526753524343
2025-11-15,2025,Morphettville,250470466,54974209,4.97,3.55,3.65,0.0,-0.08048289738430583,True,50,0.005552046025104201
2025-11-15,2025,Morphettville,250470502,87767439,7.61,4.9,5.4,0.0,-0.072675587975006,True,50,0.005552046025104201
2025-11-15,2025,Morphettville,250470511,91115396,5.72,3.9,3.85,0.0,-0.0815850815850816,True,50,0.005552046025104201
2025-11-16,2025,Strathalbyn,250533327,91157401,4.87,3.1,3.02,0.0,-0.11724183612638273,True,50,0.007410506413390583
2025-11-16,2025,Strathalbyn,250533345,88376169,4.82,3.6,3.56,1.0,-0.07030889810972801,True,50,0.007410506413390583
2025-11-21,2025,Port Lincoln,250751513,79597431,5.94,4.1,3.7,0.0,-0.07555227067422193,True,50,0.004859231954858351
2025-11-28,2025,Mount Gambier,251024865,80329460,3.15,2.52,2.59,0.0,-0.07936507936507936,True,50,0.004767154092063741
2025-11-29,2025,Morphettville,251020868,907441,7.28,4.7,4.86,0.0,-0.07540332008417117,True,50,0.005193388840851604
2025-11-29,2025,Morphettville,251020904,72444296,6.8,4.4,4.2,1.0,-0.0802139037433155,True,50,0.005193388840851604
2025-12-03,2025,Balaklava,251214749,92087575,4.37,2.92,3.43,0.0,-0.11363280147957744,True,50,0.0059517811375189855
2025-12-05,2025,Port Lincoln,251283277,90603936,5.98,3.7,3.4,0.0,-0.1030461900027117,True,50,0.00593725178751997
2025-12-06,2025,Morphettville,251287334,63026461,6.1,3.55,3.55,0.0,-0.11775571461556222,True,50,0.0061340733702935635
2025-12-06,2025,Morphettville,251287352,92161119,5.17,2.88,2.74,0.0,-0.15379862454330537,True,50,0.0061340733702935635
2025-12-12,2025,Morphettville,251537454,4441129,4.45,2.78,3.16,0.0,-0.13499312909223188,True,50,0.017040791760723956
2025-12-14,2025,Bordertown,251603473,92207052,6.62,4.1,4.0,0.0,-0.09284503721170145,True,50,0.021927630528070063
2025-12-14,2025,Bordertown,251603491,50903137,4.77,3.15,2.64,0.0,-0.10781671159029646,True,50,0.021927630528070063
2025-12-17,2025,Port Lincoln,251719261,64795925,4.55,3.45,3.58,1.0,-0.07007485268354835,True,50,0.022427478560065994
2025-12-19,2025,Oakbank,251796912,92743438,3.5,2.58,2.27,0.0,-0.10188261351052047,True,50,0.018950543668345754
2025-12-31,2025,Port Lincoln,252161144,77613375,6.25,4.3,4.32,0.0,-0.07255813953488371,True,50,0.019147454503218864
2025-12-31,2025,Port Lincoln,252161162,77385805,6.15,3.65,3.57,0.0,-0.11137097672346585,True,50,0.019147454503218864
2026-01-01,2026_JAN_JUL,Murray Bridge,252194981,90008952,3.71,2.84,2.74,0.0,-0.08257089708059684,True,50,0.01910104327393483
2026-01-03,2026_JAN_JUL,Gawler,252223811,79524106,4.89,3.5,3.9,0.0,-0.08121530820917322,True,50,0.017638797581279203
2026-01-04,2026_JAN_JUL,Strathalbyn,252262062,93278706,4.66,3.4,3.93,0.0,-0.07952537238071195,True,50,0.01719371655706231
2026-01-10,2026_JAN_JUL,Murray Bridge,252447814,59684999,5.44,3.4,3.82,0.0,-0.11029411764705885,True,50,0.020401588040402513
2026-01-10,2026_JAN_JUL,Murray Bridge,252447850,83569031,3.25,2.56,2.47,1.0,-0.08293269230769229,True,50,0.020401588040402513
2026-01-11,2026_JAN_JUL,Port Lincoln,252519541,80130140,5.58,3.7,3.75,0.0,-0.09105880073622005,True,50,0.01659449882976133
2026-01-17,2026_JAN_JUL,Murray Bridge,252715430,78211705,3.59,2.7,2.92,0.0,-0.09181883833694415,True,50,0.016735689058773068
2026-01-21,2026_JAN_JUL,Oakbank,252939582,81562173,4.6,3.35,3.3,0.0,-0.08111615833874103,True,50,0.017228933541300034
2026-01-25,2026_JAN_JUL,Mount Gambier,253086174,90286954,4.78,3.35,3.19,0.0,-0.08930244176606505,True,50,0.01739992584414582
2026-01-31,2026_JAN_JUL,Morphettville,253304940,43692499,4.87,3.45,3.37,0.0,-0.08451626342886054,True,50,0.017580605145798373
2026-02-07,2026_JAN_JUL,Morphettville,253596567,94688054,3.83,2.8,2.59,0.0,-0.09604625139873185,True,50,0.020472794761035723
2026-02-07,2026_JAN_JUL,Morphettville,253596621,76934242,5.71,3.8,3.9,0.0,-0.08802654622545855,True,50,0.020472794761035723
2026-02-13,2026_JAN_JUL,Clare,253916456,39317905,6.73,3.95,3.28,0.0,-0.10457614685801339,True,50,0.02471547439322397
2026-02-19,2026_JAN_JUL,Kangaroo Island,254175181,95263257,3.5,2.48,2.59,1.0,-0.11751152073732724,True,50,0.024307542053847636
2026-02-19,2026_JAN_JUL,Kangaroo Island,254175187,1200419,6.23,4.2,3.85,0.0,-0.07758159443552701,True,50,0.024307542053847636
2026-02-27,2026_JAN_JUL,Port Lincoln,254496713,95514558,5.67,4.0,2.74,0.0,-0.07363315696649031,True,50,0.02375515865708744
2026-02-27,2026_JAN_JUL,Port Lincoln,254496749,3140017,5.92,3.7,4.28,0.0,-0.10135135135135132,True,50,0.02375515865708744
2026-03-07,2026_JAN_JUL,Murray Bridge,254776781,95879871,3.04,2.46,2.76,1.0,-0.07755669661959774,True,50,0.026709607198602978
2026-03-13,2026_JAN_JUL,Mount Gambier,255143155,95919115,4.41,3.3,3.3,0.0,-0.07627293341579058,True,50,0.027215789666155926
2026-03-14,2026_JAN_JUL,Morphettville,255136419,96180944,5.54,3.3,3.51,0.0,-0.12252488786784815,True,50,0.027306975962244823
2026-03-21,2026_JAN_JUL,Morphettville,255487791,89018830,4.74,3.5,3.2,0.0,-0.07474382157926462,True,50,0.027319965797314202
2026-03-25,2026_JAN_JUL,Strathalbyn,255705057,74264140,5.28,3.8,3.53,1.0,-0.0737639553429027,True,50,0.027319142787159134
2026-03-28,2026_JAN_JUL,Morphettville,255795071,96747232,5.48,3.9,3.65,0.0,-0.07392850458543893,True,50,0.024455425453579926
2026-03-29,2026_JAN_JUL,Port Lincoln,255880960,85181091,4.72,2.86,3.29,0.0,-0.13778594287068865,True,50,0.023716331880100333
2026-03-29,2026_JAN_JUL,Port Lincoln,255880966,73642864,7.43,4.5,4.23,0.0,-0.08763272020337967,True,50,0.023716331880100333
2026-04-04,2026_JAN_JUL,Clare,256169833,85320234,4.52,3.15,3.73,0.0,-0.09622137940722009,True,50,0.0234178197125387
2026-04-04,2026_JAN_JUL,Clare,256169845,74615683,5.14,3.3,3.5,0.0,-0.10847777384742366,True,50,0.0234178197125387
2026-04-05,2026_JAN_JUL,Penola,256220565,96772939,3.92,2.56,2.85,0.0,-0.13552295918367346,True,50,0.024041500457624737
2026-04-06,2026_JAN_JUL,Oakbank,256283707,86820501,4.82,3.55,3.1,1.0,-0.07422126117702066,True,50,0.024906144836937788
2026-04-11,2026_JAN_JUL,Morphettville,256478996,97211511,2.95,2.3,2.26,0.0,-0.0957995578481946,True,50,0.02167304676353274
2026-04-15,2026_JAN_JUL,Balaklava,256741588,97393522,5.73,3.3,3.1,0.0,-0.12851023322227512,True,50,0.022331070494216593
2026-04-15,2026_JAN_JUL,Balaklava,256741606,96747204,5.27,3.75,3.21,1.0,-0.0769133459835547,True,50,0.022331070494216593
2026-05-02,2026_JAN_JUL,Morphettville,257527852,75392023,6.38,4.3,4.67,0.0,-0.075818327622658,True,50,0.01991909972193512
2026-05-06,2026_JAN_JUL,Murray Bridge,257749518,91157409,5.27,3.35,3.31,0.0,-0.10875414200345518,True,50,0.019805770557653646
2026-05-06,2026_JAN_JUL,Murray Bridge,257749527,1106488,4.91,3.55,3.6,0.0,-0.07802415306502972,True,50,0.019805770557653646
2026-05-08,2026_JAN_JUL,Port Augusta,257840896,50580896,5.05,3.6,3.79,0.0,-0.07975797579757976,True,50,0.02251729607218189
2026-05-09,2026_JAN_JUL,Morphettville,257841286,97694802,5.85,4.0,4.0,0.0,-0.07905982905982906,True,50,0.02265333669762923
2026-05-16,2026_JAN_JUL,Morphettville,258147013,63324856,5.27,3.35,3.34,0.0,-0.10875414200345518,True,50,0.02218513900873556
2026-05-17,2026_JAN_JUL,Strathalbyn,258214726,58672009,6.22,4.1,3.72,0.0,-0.08313073484432595,True,50,0.02271912949002089
2026-05-20,2026_JAN_JUL,Balaklava,258326454,98643679,3.95,2.54,2.22,1.0,-0.1405362304395495,True,50,0.02599997091801265
2026-05-20,2026_JAN_JUL,Balaklava,258326472,67855236,7.13,4.5,4.14,1.0,-0.0819697678042699,True,50,0.02599997091801265
2026-05-23,2026_JAN_JUL,Murray Bridge,258407124,74537765,6.98,4.6,4.21,0.0,-0.07412482870312698,True,50,0.01731212266495008
2026-05-27,2026_JAN_JUL,Gawler,258581879,98882876,5.99,4.1,4.17,1.0,-0.07695753084408977,True,50,0.016797299801275645
2026-05-30,2026_JAN_JUL,Morphettville,258650245,72641874,3.94,2.82,2.6,1.0,-0.10080282247902944,True,50,0.012688342846088774
2026-06-07,2026_JAN_JUL,Port Augusta,258891739,47841815,5.13,3.4,2.86,0.0,-0.09918587317968122,True,50,0.008304948752597935
2026-06-21,2026_JAN_JUL,Port Augusta,259280496,99769845,5.09,3.55,3.35,0.0,-0.08522648662110185,True,50,0.008541683407080003
2026-06-26,2026_JAN_JUL,Balaklava,259424541,99242909,4.63,3.15,2.91,0.0,-0.10147759607802803,True,50,0.008220098533849196
2026-06-27,2026_JAN_JUL,Morphettville,259424403,96146815,4.33,3.3,3.15,0.0,-0.07208342081321298,True,50,0.01139149062519057
2026-07-05,2026_JAN_JUL,Port Augusta,259692802,83676776,4.55,3.4,4.1,1.0,-0.07433742727860376,True,50,0.010789334603618222
2026-07-12,2026_JAN_JUL,Mount Gambier,259895989,99398623,3.68,2.18,2.42,0.0,-0.1869764658954926,True,50,0.008010208653291051
2026-07-15,2026_JAN_JUL,Balaklava,259996681,92966032,5.14,3.2,3.13,0.0,-0.11794747081712062,True,50,0.009769331554057875
2026-07-17,2026_JAN_JUL,Murray Bridge,260071843,100693616,4.66,3.2,2.94,1.0,-0.0979077253218884,True,50,0.009938831501305811
2026-07-17,2026_JAN_JUL,Murray Bridge,260071867,78432320,7.17,4.5,5.7,0.0,-0.08275220827522081,True,50,0.009938831501305811
2026-07-18,2026_JAN_JUL,Morphettville,260072910,87676736,5.49,3.65,3.95,0.0,-0.0918232402624947,True,50,0.006047903882170275
2026-07-24,2026_JAN_JUL,Naracoorte,260297407,100920037,5.77,3.35,3.25,0.0,-0.12519723738327423,True,50,0.005831273811272214
