date,period,market_key,selection_key,track_kash,model_odds,bsp_anz,preoff_lay,final_value,preoff_value,final_candidate,gate_on,hist_n,hist_brier_adv,win
2023-01-04,2023,208198013,44037868,Mount Gambier,5.47,3.21,3.15,-0.12871112326083364,-0.1346449609703723,True,False,1,,1.0
2023-01-07,2023,208263684,51218016,Gawler,4.41,3.4,3.1,-0.06736027744431108,-0.09582327554677786,False,False,2,,0.0
2023-01-07,2023,208263696,26609213,Gawler,4.53,2.9,3.0,-0.1240770343305169,-0.11258278145695363,True,False,2,,1.0
2023-01-07,2023,208263708,44389202,Gawler,5.37,3.02,3.5,-0.14490608852220457,-0.09949454642192071,True,False,2,,0.0
2023-01-20,2023,208824175,51616006,Murray Bridge,3.94,2.58,2.6,-0.1337897926258214,-0.13080827801639983,True,False,5,,0.0
2023-01-21,2023,208825245,45168722,Gawler,3.08,2.32,2.32,-0.10635915808329605,-0.10635915808329605,True,False,6,,1.0
2023-01-21,2023,208825251,51784054,Gawler,5.19,3.1,3.25,-0.12990241780098205,-0.11501408033199945,True,False,6,,1.0
2023-01-21,2023,208825269,42844810,Gawler,4.64,2.93,3.35,-0.12577968694833466,-0.08299022130725678,True,False,6,,0.0
2023-01-28,2023,209119731,51958129,Morphettville,5.1,3.36,3.35,-0.10154061624649857,-0.10242903131401809,True,False,10,,0.0
2023-01-29,2023,209191799,43858286,Strathalbyn,5.05,4.0,3.5,-0.05198019801980197,-0.08769448373408767,False,False,11,,0.0
2023-02-01,2023,209362468,45875156,Murray Bridge,3.73,2.56,2.76,-0.12252848525469168,-0.09422232583440188,True,False,11,,0.0
2023-02-03,2023,209439602,12200084,Port Lincoln,4.78,3.34,2.96,-0.09019617668428836,-0.12863281691733575,True,False,12,,0.0
2023-02-04,2023,209438855,21661956,Morphettville,4.97,3.25,3.15,-0.10648506423154311,-0.11625307399955284,True,False,14,,1.0
2023-02-04,2023,209438873,44364659,Morphettville,4.65,2.65,2.6,-0.16230472712517757,-0.1695616211745244,True,False,14,,1.0
2023-02-05,2023,209514358,16796089,Bordertown,7.27,3.69,3.65,-0.13345112818390908,-0.1364210208965348,True,False,16,,1.0
2023-02-05,2023,209514370,40612518,Bordertown,5.16,3.5,3.6,-0.09191583610188261,-0.0839793281653747,True,False,16,,1.0
2023-02-15,2023,209983478,4407333,Strathalbyn,6.83,3.6,3.65,-0.1313648934439564,-0.12755971840590463,True,False,21,,0.0
2023-02-22,2023,210281132,39456911,Mount Gambier,5.53,3.79,3.9,-0.08302041634261667,-0.07557843000880979,True,False,24,,0.0
2023-02-25,2023,210357568,51312026,Morphettville,4.81,3.3,3.2,-0.09513009513009513,-0.10459979209979209,True,False,25,,1.0
2023-03-01,2023,210597777,53088553,Balaklava,4.9,3.2,3.1,-0.1084183673469388,-0.11849901250822911,True,False,27,,0.0
2023-03-05,2023,210787535,45191105,Bordertown,5.56,3.25,3.5,-0.12783619258439402,-0.10585817060637201,True,False,29,,0.0
2023-03-11,2023,211049508,53407700,Morphettville,5.57,3.78,3.75,-0.08501705090574035,-0.08713345302214243,True,False,31,,0.0
2023-03-19,2023,211487560,12268424,Port Lincoln,3.56,2.77,2.44,-0.08011195392041537,-0.1289371891692761,True,False,32,,0.0
2023-03-19,2023,211487572,53719800,Port Lincoln,6.92,3.4,4.1,-0.14960897653859231,-0.09939376850415904,True,False,32,,0.0
2023-03-22,2023,211627127,2479577,Strathalbyn,4.4,2.84,3.1,-0.1248399487836108,-0.09530791788856305,True,False,34,,0.0
2023-03-29,2023,211950633,54085472,Balaklava,5.24,3.25,3.8,-0.11685261303581918,-0.07231820008035356,True,False,35,,1.0
2023-03-29,2023,211950639,54085480,Balaklava,4.69,2.64,2.72,-0.16556826258318796,-0.15442744261883856,True,False,35,,0.0
2023-03-29,2023,211950645,50528454,Balaklava,4.7,3.2,3.4,-0.09973404255319149,-0.08135168961201503,True,False,35,,0.0
2023-04-01,2023,212040535,45541803,Morphettville,7.69,4.7,4.7,-0.08272694574329748,-0.08272694574329748,True,False,39,,0.0
2023-04-02,2023,212119404,36409856,Gawler,8.29,5.55,5.2,-0.05955291841902216,-0.07168043054653425,False,False,40,,0.0
2023-04-08,2023,212404950,47240537,Oakbank,6.98,3.99,3.6,-0.10736009077134095,-0.13451130213307866,True,False,40,,1.0
2023-04-08,2023,212456658,54403433,Clare,4.16,2.34,2.56,-0.18696581196581202,-0.15024038461538464,True,False,40,,1.0
2023-04-08,2023,212456664,54403444,Clare,3.67,2.54,2.46,-0.1212212233688772,-0.13402450100795282,True,False,40,,0.0
2023-04-08,2023,212456670,28596564,Clare,4.55,3.02,2.94,-0.11134560803434979,-0.12035583464154892,True,False,40,,1.0
2023-04-08,2023,212456676,39595136,Clare,4.55,3.48,3.4,-0.06757610205886067,-0.07433742727860376,False,False,40,,1.0
2023-04-08,2023,212456682,16602169,Clare,4.3,2.89,2.88,-0.113462621710791,-0.11466408268733849,True,False,40,,0.0
2023-04-09,2023,212457494,54403818,Penola,5.55,4.24,3.8,-0.05566887642359336,-0.08297771455666189,False,False,45,,0.0
2023-04-09,2023,212457512,37231675,Penola,5.45,3.8,3.6,-0.07967165620473202,-0.09429153924566772,True,False,45,,0.0
2023-04-09,2023,212457524,20357382,Penola,5.75,4.12,4.0,-0.06880540312368089,-0.07608695652173914,False,False,45,,0.0
2023-04-10,2023,212458587,54403571,Oakbank,5.07,3.4,3.6,-0.09687898828170324,-0.0805391190006575,True,False,46,,0.0
2023-04-10,2023,212458623,22721275,Oakbank,5.38,3.94,3.85,-0.06793350065102935,-0.07386665379230431,False,False,46,,0.0
2023-04-15,2023,212782682,48489472,Morphettville,9.41,4.71,4.6,-0.1060442994420265,-0.11112137873677404,True,False,48,,0.0
2023-04-16,2023,212860192,41511137,Port Lincoln,4.46,2.99,3.1,-0.11023291389834575,-0.098365398524519,True,False,49,,0.0
2023-04-16,2023,212860198,54704519,Port Lincoln,5.84,4.33,4.1,-0.0597140055047613,-0.07266956231206151,False,False,49,,1.0
2023-04-22,2023,213117195,50658234,Morphettville,4.68,2.95,3.1,-0.12530783717224392,-0.10890543148607662,True,False,50,-0.024041322125123943,1.0
2023-04-22,2023,213117201,51032419,Morphettville,7.78,4.5,4.5,-0.09368751785204227,-0.09368751785204227,True,False,50,-0.024041322125123943,0.0
2023-04-22,2023,213117207,54935729,Morphettville,6.76,3.48,4.1,-0.1394273277562402,-0.09597344494155002,True,False,50,-0.024041322125123943,1.0
2023-04-22,2023,213117243,38256261,Morphettville,4.37,2.75,2.84,-0.13480341169128357,-0.12327972411125798,True,False,50,-0.024041322125123943,0.0
2023-04-29,2023,213430211,38678041,Morphettville,6.98,4.52,4.1,-0.07797246240839822,-0.10063596337969113,True,False,50,-0.024778661401529734,0.0
2023-04-30,2023,213513586,55244095,Naracoorte,4.97,2.91,3.05,-0.1424353682230842,-0.12666160899825182,True,False,50,-0.021379352990536726,0.0
2023-05-06,2023,213744432,2393090,Morphettville,4.79,3.53,3.55,-0.07451785175678793,-0.0729218736216884,True,False,50,-0.02067064126324203,1.0
2023-05-07,2023,213814231,8535675,Port Augusta,6.16,3.62,3.8,-0.11390543158498961,-0.10082023239917975,True,False,50,-0.02433935924499045,1.0
2023-05-07,2023,213814237,36771534,Port Augusta,4.91,4.04,3.6,-0.0438587646952068,-0.07411178999773707,False,False,50,-0.02433935924499045,0.0
2023-05-10,2023,213953418,51454747,Balaklava,7.92,4.98,5.0,-0.07454058658877932,-0.07373737373737374,True,False,50,-0.029513212230841718,0.0
2023-05-10,2023,213953430,55713773,Balaklava,6.48,3.17,3.05,-0.16113642559489036,-0.17354786480469545,True,False,50,-0.029513212230841718,1.0
2023-05-10,2023,213953442,53088552,Balaklava,7.02,4.76,4.3,-0.06763389116330293,-0.09010799708474126,False,False,50,-0.029513212230841718,0.0
2023-05-12,2023,214041471,45737074,Bordertown,6.43,3.59,3.75,-0.12303053669905606,-0.11114567133229653,True,False,50,-0.03175761999688115,1.0
2023-05-17,2023,214261223,55978189,Gawler,5.31,2.48,2.54,-0.21490188931413645,-0.2053768702640983,True,False,50,-0.03099311201940036,1.0
2023-05-19,2023,214341814,43184805,Port Augusta,5.38,2.86,3.25,-0.16377674370239428,-0.1218187017443523,True,False,50,-0.02943921700640867,0.0
2023-05-20,2023,214339984,3272298,Morphettville,4.72,3.42,3.45,-0.0805332540390524,-0.07799066568410709,True,False,50,-0.02840380432125955,0.0
2023-05-20,2023,214340002,56053679,Morphettville,4.52,3.1,3.05,-0.10134170710819296,-0.10662991440591907,True,False,50,-0.02840380432125955,1.0
2023-05-21,2023,214418032,56090156,Strathalbyn,3.22,2.1,2.24,-0.16563146997929606,-0.1358695652173913,True,False,50,-0.03619556948909708,0.0
2023-05-24,2023,214522934,46790801,Balaklava,4.51,3.08,2.9,-0.10294583465315171,-0.12309809618472362,True,False,50,-0.034236553215334586,0.0
2023-05-27,2023,214591703,50658234,Murray Bridge,4.82,3.4,3.5,-0.08664876739077376,-0.07824540604623592,True,False,50,-0.0338485872808027,0.0
2023-05-27,2023,214591721,56321547,Murray Bridge,8.12,4.6,4.3,-0.09423859498822018,-0.10940543017527779,True,False,50,-0.0338485872808027,1.0
2023-05-27,2023,214591727,46108818,Murray Bridge,10.09,4.28,5.0,-0.13453683206283634,-0.10089197224975224,True,False,50,-0.0338485872808027,0.0
2023-05-28,2023,214670364,24795803,Mount Gambier,6.03,3.37,3.35,-0.13089842577419528,-0.13266998341625205,True,False,50,-0.031179847047334702,0.0
2023-06-03,2023,214856849,2075405,Morphettville,4.18,3.32,3.2,-0.06197036951634288,-0.07326555023923442,False,False,50,-0.03067196136447045,1.0
2023-06-07,2023,214995662,56807369,Gawler,4.59,2.92,3.05,-0.12460082967738081,-0.11000392871173972,True,False,50,-0.03067196136447045,0.0
2023-06-07,2023,214995668,700755,Gawler,6.67,4.34,4.1,-0.08048970906251943,-0.09397740154313089,True,False,50,-0.03067196136447045,0.0
2023-06-10,2023,215061295,56872631,Morphettville,4.71,3.09,3.45,-0.11131037041617714,-0.07754084741068956,True,False,50,-0.027019995555456755,0.0
2023-06-10,2023,215061331,56872651,Morphettville,6.59,2.84,3.05,-0.20036760777105733,-0.1761237841737357,True,False,50,-0.027019995555456755,0.0
2023-06-11,2023,215104265,39233067,Port Augusta,9.72,5.18,5.2,-0.09016953461397907,-0.08942703387147831,True,False,50,-0.029962226066363506,0.0
2023-06-12,2023,215130069,48198611,Murray Bridge,4.67,3.06,3.35,-0.1126646233082812,-0.0843747003739333,True,False,50,-0.027108588077274787,1.0
2023-06-12,2023,215130087,51414251,Murray Bridge,9.9,4.63,5.0,-0.1149726203721884,-0.098989898989899,True,False,50,-0.027108588077274787,1.0
2023-06-14,2023,215193736,57047248,Balaklava,4.38,3.04,2.96,-0.10063686613794762,-0.10952733555473279,True,False,50,-0.03307954057988155,1.0
2023-06-14,2023,215193754,42087628,Balaklava,3.5,2.65,2.7,-0.09164420485175206,-0.08465608465608465,True,False,50,-0.03307954057988155,1.0
2023-06-14,2023,215193760,43837586,Balaklava,7.58,5.2,4.9,-0.06038157093566063,-0.07215551128102954,False,False,50,-0.03307954057988155,0.0
2023-06-17,2023,215229759,473034,Murray Bridge,5.91,4.78,4.1,-0.04000028318784557,-0.07469770129173375,False,False,50,-0.035531570030759796,0.0
2023-06-18,2023,215270331,56838026,Mount Gambier,7.32,4.66,4.5,-0.07798025282018811,-0.08561020036429873,True,False,50,-0.02959964615874361,0.0
2023-06-18,2023,215270337,57147929,Mount Gambier,5.52,3.22,3.45,-0.129399585921325,-0.10869565217391303,True,False,50,-0.02959964615874361,0.0
2023-06-24,2023,215405515,57377741,Morphettville,5.38,3.42,3.55,-0.10652405487075803,-0.09581653489711503,True,False,50,-0.030342967781873537,0.0
2023-06-28,2023,215533339,46472307,Balaklava,5.77,3.38,3.7,-0.12254776286238758,-0.09696004496697733,True,False,50,-0.029962011560132007,1.0
2023-07-01,2023,215594703,57625479,Murray Bridge,5.4,3.21,3.55,-0.12634129456559362,-0.09650495565988526,True,False,50,-0.03439899425219095,0.0
2023-07-01,2023,215594721,36318937,Murray Bridge,10.01,4.87,4.8,-0.10543870913480768,-0.10843323343323344,True,False,50,-0.03439899425219095,0.0
2023-07-08,2023,215804753,25178987,Gawler,7.27,2.98,3.4,-0.19801888795546652,-0.15656606521563232,True,False,50,-0.031299840411739305,1.0
2023-07-09,2023,215866523,40050597,Port Augusta,3.52,2.01,2.04,-0.21342152872003622,-0.2061051693404634,True,False,50,-0.03370148781496049,0.0
2023-07-09,2023,215866541,46159623,Port Augusta,4.54,2.89,2.7,-0.12575644406505798,-0.15010605318975362,True,False,50,-0.03370148781496049,0.0
2023-07-09,2023,215866565,38980578,Port Augusta,4.86,2.8,2.94,-0.1513815402704292,-0.13437473754934073,True,False,50,-0.03370148781496049,0.0
2023-07-12,2023,215947667,39456968,Murray Bridge,6.1,3.65,3.15,-0.1100381765102178,-0.15352589123080923,True,False,50,-0.02512878604580779,0.0
2023-07-15,2023,216006570,27391752,Morphettville,5.14,3.72,3.65,-0.07426467511819587,-0.07942007355684663,True,False,50,-0.021619301384081552,0.0
2023-07-22,2023,216205078,58371151,Morphettville,4.97,3.41,3.55,-0.09204788850404474,-0.08048289738430583,True,False,50,-0.021564100104062373,1.0
2023-07-22,2023,216205096,58371162,Morphettville,5.13,3.98,3.6,-0.056324507527892836,-0.08284600389863547,False,False,50,-0.021564100104062373,0.0
2023-07-22,2023,216205108,46055951,Morphettville,3.78,2.54,2.72,-0.12915052285131018,-0.10309679427326479,True,False,50,-0.021564100104062373,1.0
2023-07-26,2023,216357026,58569492,Murray Bridge,8.0,4.78,4.8,-0.08420502092050208,-0.08333333333333334,True,False,50,-0.030328559864207127,0.0
2023-07-29,2023,216415603,58635344,Morphettville,3.7,2.61,2.8,-0.11287149218183706,-0.08687258687258692,True,False,50,-0.027520202172822417,0.0
2023-07-30,2023,216475037,44161280,Balaklava,5.16,3.3,3.1,-0.10923185341789995,-0.12878219554888723,True,False,50,-0.02253792645133318,0.0
2023-08-02,2023,216592418,58813799,Gawler,4.82,3.72,3.6,-0.061348324633025475,-0.07030889810972801,False,False,50,-0.018834757074097735,0.0
2023-08-02,2023,216592430,45301227,Gawler,5.86,3.21,3.15,-0.14087801558695628,-0.14681185329649493,True,False,50,-0.018834757074097735,1.0
2023-08-05,2023,216665596,58882642,Murray Bridge,5.02,3.2,3.45,-0.11329681274900397,-0.0906518852127721,True,False,50,-0.013615743291594623,0.0
2023-08-19,2023,217171568,45690721,Morphettville,4.49,2.69,2.74,-0.14903006267542085,-0.14224635442914507,True,False,50,-0.013347919055257895,1.0
2023-08-23,2023,217373141,59620465,Murray Bridge,4.4,2.03,2.18,-0.2653381101656964,-0.23144286905754793,True,False,50,-0.012369895406237036,1.0
2023-08-26,2023,217459016,59684607,Morphettville,5.44,2.51,3.0,-0.21458284509022738,-0.14950980392156862,True,False,50,-0.01846835803996491,0.0
2023-08-26,2023,217459052,41589650,Morphettville,7.05,3.95,4.1,-0.1113205853308196,-0.10205846739318458,True,False,50,-0.01846835803996491,1.0
2023-08-27,2023,217546933,47462538,Port Augusta,5.85,3.91,4.1,-0.08481430476315388,-0.07296226808421932,True,False,50,-0.02059577289296302,0.0
2023-08-30,2023,217653986,59887526,Mount Gambier,4.4,2.82,2.98,-0.12733720180528693,-0.10829774252593047,True,False,50,-0.021078463926794105,0.0
2023-08-30,2023,217653998,59453510,Mount Gambier,3.7,2.6,2.82,-0.11434511434511435,-0.08433965880774397,True,False,50,-0.021078463926794105,0.0
2023-09-02,2023,217738961,48908180,Morphettville,5.8,3.65,3.7,-0.10155880963627772,-0.09785647716682194,True,False,50,-0.020098844760682855,1.0
2023-09-06,2023,217913920,60151651,Murray Bridge,5.13,3.3,3.75,-0.10809852915116072,-0.07173489278752435,True,False,50,-0.02466732848132755,0.0
2023-09-13,2023,218166812,19276971,Balaklava,5.0,3.51,3.35,-0.0849002849002849,-0.09850746268656713,True,False,50,-0.021227690272447836,0.0
2023-09-16,2023,218247189,52237725,Morphettville,4.39,3.45,3.0,-0.06206463966194578,-0.10554290053151097,False,False,50,-0.02242017729552251,0.0
2023-09-20,2023,218447917,60695771,Strathalbyn,4.57,3.12,3.2,-0.10169443976883799,-0.0936816192560175,True,False,50,-0.02210116805818685,1.0
2023-09-23,2023,218547344,50353567,Morphettville,4.24,2.41,2.52,-0.179088702732326,-0.16097634022162324,True,False,50,-0.02524520232748742,1.0
2023-09-24,2023,218630977,47462549,Mount Gambier,4.83,3.3,3.35,-0.09599096555618297,-0.09146812521244707,True,False,50,-0.026202924805320077,0.0
2023-09-27,2023,218782910,60987278,Murray Bridge,7.94,4.28,4.7,-0.10770027543021257,-0.08682137306393697,True,False,50,-0.022319571747457245,0.0
2023-09-27,2023,218782916,60987289,Murray Bridge,4.69,3.23,3.25,-0.09637790701512344,-0.09447269148761689,True,False,50,-0.022319571747457245,1.0
2023-09-27,2023,218782922,42560916,Murray Bridge,4.75,2.58,2.7,-0.1770705834353325,-0.15984405458089668,True,False,50,-0.022319571747457245,0.0
2023-09-30,2023,218893483,42169395,Morphettville,4.18,3.0,3.05,-0.09409888357256774,-0.08863440269825085,True,False,50,-0.02133974754516041,0.0
2023-10-06,2023,219227999,50685805,Morphettville,4.84,3.66,3.45,-0.06661247346791307,-0.08324350221583424,False,False,50,-0.021529721733465346,0.0
2023-10-06,2023,219228011,61336731,Morphettville,5.3,3.22,3.45,-0.12187976092816122,-0.10117582718074924,True,False,50,-0.021529721733465346,0.0
2023-10-07,2023,219235095,61337569,Murray Bridge,4.2,2.97,3.15,-0.09860509860509858,-0.07936507936507936,True,False,50,-0.017872189075676448,0.0
2023-10-08,2023,219321980,61068583,Strathalbyn,5.3,3.61,3.65,-0.08832906496628862,-0.08529335745670713,True,False,50,-0.01728776727325501,0.0
2023-10-11,2023,219466403,61522441,Mount Gambier,4.51,3.12,3.35,-0.09878333049064753,-0.07677797266439418,True,False,50,-0.01747873315049217,0.0
2023-10-11,2023,219466415,39689711,Mount Gambier,4.49,3.25,3.2,-0.08497515847181775,-0.08978285077951004,True,False,50,-0.01747873315049217,0.0
2023-10-14,2023,219583811,41574404,Morphettville,4.84,3.74,3.55,-0.060768108896451095,-0.07507857059713655,False,False,50,-0.016459332293309842,0.0
2023-10-18,2023,219799095,60987296,Balaklava,3.6,2.53,2.5,-0.11747913921826969,-0.12222222222222223,True,False,50,-0.016459332293309842,1.0
2023-10-18,2023,219799107,61791131,Balaklava,4.93,3.72,3.5,-0.06597744770878314,-0.08287452912199358,False,False,50,-0.016459332293309842,0.0
2023-10-18,2023,219799119,51735683,Balaklava,9.62,4.43,4.5,-0.12178353036140849,-0.11827211827211825,True,False,50,-0.016459332293309842,0.0
2023-10-22,2023,219964432,61861098,Naracoorte,5.32,2.55,2.7,-0.20418693793306802,-0.18240044555834029,True,False,50,-0.01991097351476004,0.0
2023-10-22,2023,219964456,61861122,Naracoorte,5.49,3.91,3.8,-0.0736051132260935,-0.08100853225961077,True,False,50,-0.01991097351476004,0.0
2023-10-25,2023,220115324,62032528,Port Lincoln,4.26,2.76,2.8,-0.1275770565421515,-0.12240107310529846,True,False,50,-0.01956437686310747,1.0
2023-10-25,2023,220115371,28101890,Port Lincoln,5.18,3.69,3.65,-0.07795251697690725,-0.08092240968953296,True,False,50,-0.01956437686310747,1.0
2023-10-27,2023,220214470,53914046,Gawler,3.36,2.22,2.24,-0.15283140283140279,-0.14880952380952378,True,False,50,-0.026743079100322364,1.0
2023-10-27,2023,220214494,17758921,Gawler,5.52,2.76,2.82,-0.1811594202898551,-0.1734505087881591,True,False,50,-0.026743079100322364,0.0
2023-10-27,2023,220214500,62063850,Gawler,3.91,2.53,2.5,-0.13950244129272266,-0.1442455242966752,True,False,50,-0.026743079100322364,0.0
2023-10-28,2023,220213506,62097623,Morphettville,5.39,3.05,3.0,-0.14234009550168802,-0.14780457637600491,True,False,50,-0.021102392463387465,1.0
2023-10-28,2023,220213518,37173191,Morphettville,5.37,3.41,3.35,-0.10703539267244436,-0.11228772339420215,True,False,50,-0.021102392463387465,0.0
2023-10-28,2023,220213530,62097627,Morphettville,4.31,2.78,2.82,-0.12769366873090857,-0.12259136759309539,True,False,50,-0.021102392463387465,0.0
2023-10-29,2023,220299576,62135322,Bordertown,5.77,3.14,3.15,-0.14516111227632492,-0.14415009215702454,True,False,50,-0.02580304678122955,0.0
2023-11-01,2023,220482924,55978173,Strathalbyn,5.17,3.44,3.5,-0.09727407673968783,-0.09229068803536886,True,False,50,-0.020102511964428554,0.0
2023-11-04,2023,220593265,62355454,Morphettville,5.43,4.07,3.9,-0.06153818308514439,-0.07224819379515515,False,False,50,-0.019870886589778314,1.0
2023-11-04,2023,220593277,41006122,Morphettville,4.73,2.91,3.4,-0.1322261211975909,-0.08270115657256563,True,False,50,-0.019870886589778314,0.0
2023-11-09,2023,220909124,62591835,Gawler,5.84,3.47,2.94,-0.11695156132801707,-0.16890317770943994,True,False,50,-0.019981952573755957,0.0
2023-11-11,2023,220954335,44966280,Morphettville,5.43,3.91,3.7,-0.07159241308822353,-0.08610820765516894,True,False,50,-0.020016246681066385,0.0
2023-11-11,2023,220954359,62632839,Morphettville,4.97,3.75,3.6,-0.06545942320590206,-0.07657053431701319,False,False,50,-0.020016246681066385,0.0
2023-11-11,2023,220954371,52670365,Morphettville,8.27,5.24,5.2,-0.06992071037595649,-0.07138870802716024,False,False,50,-0.020016246681066385,0.0
2023-11-12,2023,221054267,50353596,Naracoorte,4.75,3.08,3.45,-0.114149008885851,-0.07932875667429445,True,False,50,-0.015205731637395359,0.0
2023-11-15,2023,221214456,62788604,Murray Bridge,5.59,3.67,3.75,-0.0935886874674024,-0.08777579010137149,True,False,50,-0.0072138961768337395,0.0
2023-11-15,2023,221214462,49914335,Murray Bridge,4.83,3.38,3.35,-0.08881865069156042,-0.09146812521244707,True,False,50,-0.0072138961768337395,1.0
2023-11-18,2023,221299204,42845191,Morphettville,3.98,2.97,2.94,-0.08544405529330151,-0.08887977301473354,True,False,50,-0.01017011010568733,1.0
2023-11-18,2023,221299210,25573692,Morphettville,4.49,2.92,3.0,-0.11974860420416755,-0.11061618411284335,True,False,50,-0.01017011010568733,1.0
2023-11-22,2023,221513033,2301736,Balaklava,3.59,2.24,2.18,-0.1678770393951452,-0.180164064296849,True,False,50,-0.016238377521996472,0.0
2023-11-22,2023,221513039,2066639,Balaklava,5.11,3.41,3.55,-0.09756041572214791,-0.085995424602409,True,False,50,-0.016238377521996472,0.0
2023-11-22,2023,221513063,63025811,Balaklava,5.8,3.87,4.1,-0.08598413971308916,-0.07148864592094198,True,False,50,-0.016238377521996472,0.0
2023-11-25,2023,221601751,63084162,Morphettville,6.35,4.25,4.1,-0.0778138026864289,-0.08642212406376035,True,False,50,-0.010255967322659293,0.0
2023-11-25,2023,221601769,62432411,Morphettville,5.44,3.42,3.85,-0.10857413140694874,-0.07591673032849502,True,False,50,-0.010255967322659293,0.0
2023-11-26,2023,221680001,43837587,Port Lincoln,4.83,3.18,3.2,-0.10742607133091137,-0.10546066252587993,True,False,50,-0.011597339292328784,0.0
2023-11-29,2023,221805149,63296615,Gawler,3.27,2.37,2.5,-0.11613053071652535,-0.09418960244648322,True,False,50,-0.011130358047067301,1.0
2023-12-01,2023,221906479,52670370,Mount Gambier,5.24,3.12,3.1,-0.12967312585633195,-0.13174095050480178,True,False,50,-0.010929633356319551,0.0
2023-12-02,2023,221908092,26235599,Morphettville,5.16,3.8,3.75,-0.069359445124439,-0.07286821705426358,False,False,50,-0.010680039136928832,1.0
2023-12-02,2023,221908128,28092503,Morphettville,5.62,3.63,3.8,-0.09754615060341362,-0.08522195167634386,True,False,50,-0.010680039136928832,0.0
2023-12-02,2023,221908140,44562803,Morphettville,4.33,2.9,2.98,-0.11388070398980651,-0.10462358758156767,True,False,50,-0.010680039136928832,0.0
2023-12-03,2023,221996132,51177968,Clare,5.57,3.51,3.9,-0.10536707125576067,-0.0768770427657322,True,False,50,-0.010386300015471167,1.0
2023-12-06,2023,222130301,63551727,Balaklava,4.66,2.79,2.78,-0.14383066438998876,-0.14511995553771578,True,False,50,-0.010656741129415642,1.0
2023-12-08,2023,222212769,52696634,Port Lincoln,3.13,2.08,2.04,-0.16128041287785694,-0.17070726053999874,True,False,50,-0.011822406008384051,0.0
2023-12-09,2023,222217257,3683165,Morphettville,2.52,2.13,2.02,-0.07265817124972057,-0.09822410812509824,True,False,50,-0.004416990660709913,1.0
2023-12-09,2023,222217313,53914046,Morphettville,3.82,2.56,2.92,-0.12884489528795812,-0.08068564871261563,True,False,50,-0.004416990660709913,0.0
2023-12-10,2023,222290791,62788604,Murray Bridge,2.65,2.28,2.16,-0.061238000662032444,-0.08560447239692515,False,False,50,-0.006134937259310469,1.0
2023-12-10,2023,222290805,48198618,Murray Bridge,3.94,3.05,3.0,-0.07406174586003167,-0.07952622673434856,True,False,50,-0.006134937259310469,0.0
2023-12-10,2023,222290817,41234140,Murray Bridge,4.09,2.94,2.96,-0.09563727691565621,-0.09333906033172534,True,False,50,-0.006134937259310469,1.0
2023-12-10,2023,222290823,42070143,Murray Bridge,4.34,2.78,2.64,-0.12929748367204857,-0.14837313224409998,True,False,50,-0.006134937259310469,1.0
2023-12-17,2023,222566935,55244088,Bordertown,3.89,3.01,2.88,-0.07515650488090259,-0.09015281348186233,True,False,50,-0.011973416562756023,0.0
2023-12-23,2023,222759649,64121563,Murray Bridge,5.23,3.79,3.65,-0.07264765383392949,-0.08276801382959217,True,False,50,-0.019836586955746305,0.0
2023-12-26,2023,222816446,4318976,Morphettville,4.02,2.84,2.94,-0.10335645715086539,-0.09137983551629603,True,False,50,-0.020076843285253054,1.0
2023-12-26,2023,222816488,56357607,Morphettville,5.2,3.71,3.6,-0.07723408666804893,-0.0854700854700855,True,False,50,-0.020076843285253054,0.0
2023-12-26,2023,222816495,49683458,Morphettville,4.51,3.23,3.15,-0.0878680331976413,-0.09573082743814448,True,False,50,-0.020076843285253054,1.0
2023-12-29,2023,222949134,28453355,Naracoorte,4.96,3.36,3.55,-0.09600614439324115,-0.08007723761926397,True,False,50,-0.019708199866195264,0.0
2023-12-30,2023,222949221,29060402,Morphettville,4.46,3.07,2.76,-0.10151765238603003,-0.1381035939429389,True,False,50,-0.016348877703125764,0.0
2023-12-30,2023,222949242,64319046,Morphettville,5.39,3.25,3.6,-0.12216355073497931,-0.09224902082044939,True,False,50,-0.016348877703125764,1.0
2024-01-01,2024,223041281,27202684,Murray Bridge,7.1,4.3,4.4,-0.0917130691123485,-0.08642765685019205,True,False,50,-0.014295382069939383,0.0
2024-01-03,2024,223108719,61932211,Mount Gambier,6.49,4.3,3.95,-0.07847493460422117,-0.09908135203136273,True,False,50,-0.010928853962482304,0.0
2024-01-13,2024,223400380,64763099,Murray Bridge,4.55,3.07,3.1,-0.10595267924258156,-0.10280042538107054,True,False,50,-0.012138374449856576,1.0
2024-01-13,2024,223400394,63363895,Murray Bridge,4.83,3.25,3.45,-0.10065297021818764,-0.08281573498964806,True,False,50,-0.012138374449856576,0.0
2024-01-17,2024,223597968,62097618,Oakbank,5.04,3.43,3.4,-0.09313249109167474,-0.09570494864612514,True,False,50,-0.010978677808008153,0.0
2024-01-20,2024,223680071,58371168,Gawler,6.96,4.17,4.0,-0.09612999255767801,-0.10632183908045978,True,False,50,-0.011577263349239753,1.0
2024-01-24,2024,223873988,65204356,Port Lincoln,4.08,2.91,3.1,-0.09854457246816253,-0.07748260594560405,True,False,50,-0.016112923493869724,1.0
2024-01-24,2024,223874030,28223906,Port Lincoln,5.48,3.49,3.45,-0.10405119946458075,-0.10737332063895061,True,False,50,-0.016112923493869724,0.0
2024-01-26,2024,223940806,28369290,Murray Bridge,6.14,3.8,4.2,-0.10029144522544142,-0.07522878858383741,True,False,50,-0.020328046867108623,0.0
2024-01-27,2024,223945527,54404318,Morphettville,7.02,3.84,3.8,-0.11796652421652423,-0.12070775228669964,True,False,50,-0.016799037725104354,0.0
2024-01-31,2024,224159190,64493823,Mount Gambier,7.11,4.63,4.5,-0.07533574529227535,-0.08157524613220815,True,False,50,-0.016578286140487675,0.0
2024-02-02,2024,224242571,42154673,Strathalbyn,4.32,3.1,3.15,-0.09109916367980886,-0.08597883597883599,True,False,50,-0.017115538304668,0.0
2024-02-03,2024,224244794,41397875,Morphettville,5.69,3.67,3.6,-0.0967326396038751,-0.10203085334895531,True,False,50,-0.01673594010810442,1.0
2024-02-03,2024,224244800,62869211,Morphettville,6.98,3.74,4.5,-0.12411320349968585,-0.07895574657752308,True,False,50,-0.01673594010810442,0.0
2024-02-05,2024,224414622,65557298,Balaklava,6.98,3.65,3.85,-0.13070612709502688,-0.11647378409556058,True,False,50,-0.020785468947566055,0.0
2024-02-05,2024,224414634,42844816,Balaklava,4.85,3.6,3.55,-0.0715922107674685,-0.07550457383476114,True,False,50,-0.020785468947566055,1.0
2024-02-07,2024,224462590,65732189,Murray Bridge,4.48,3.28,3.35,-0.0816637630662021,-0.07529317697228144,True,False,50,-0.01679305613677476,1.0
2024-02-07,2024,224462597,65732195,Murray Bridge,4.91,3.4,3.5,-0.09045165927878282,-0.08204829793424498,True,False,50,-0.01679305613677476,0.0
2024-02-09,2024,224548251,28435290,Oakbank,5.01,2.62,2.86,-0.18207859090978346,-0.15004955124715608,True,False,50,-0.01729438277299908,0.0
2024-02-09,2024,224548263,65787401,Oakbank,5.34,3.17,3.55,-0.12819149564621507,-0.09442422324207417,True,False,50,-0.01729438277299908,0.0
2024-02-09,2024,224548275,63402164,Oakbank,4.63,3.29,3.4,-0.08796864639886559,-0.07813492567653413,True,False,50,-0.01729438277299908,1.0
2024-02-10,2024,224549866,51454757,Morphettville,6.42,4.47,4.2,-0.0679504066570491,-0.08233199821984868,False,False,50,-0.01879886797030353,1.0
2024-02-10,2024,224549887,50005811,Morphettville,4.84,2.89,2.96,-0.13940919099774082,-0.13122626758990394,True,False,50,-0.01879886797030353,1.0
2024-02-11,2024,224626092,42087626,Naracoorte,6.22,2.66,2.96,-0.21516814544399582,-0.17706613365777352,True,False,50,-0.02431334713001354,1.0
2024-02-14,2024,224779856,65260446,Gawler,4.67,2.69,2.76,-0.15761444958327697,-0.14818607826707636,True,False,50,-0.028039683384680186,0.0
2024-02-14,2024,224779868,49513072,Gawler,4.9,2.8,2.74,-0.15306122448979595,-0.16088187099657383,True,False,50,-0.028039683384680186,1.0
2024-02-15,2024,224823218,43668984,Kangaroo Island,4.46,3.15,3.25,-0.09324507082354613,-0.0834770610555364,True,False,50,-0.03279321093670268,0.0
2024-02-17,2024,224862965,55494162,Morphettville,3.71,2.4,2.4,-0.14712488769092547,-0.14712488769092547,True,False,50,-0.02854707651041455,0.0
2024-02-17,2024,224862979,38515269,Morphettville,5.38,3.18,3.25,-0.12859180285707603,-0.1218187017443523,True,False,50,-0.02854707651041455,0.0
2024-02-17,2024,224899864,5054130,Kangaroo Island,4.33,2.77,3.1,-0.1300639481078197,-0.09163376294420025,True,False,50,-0.02854707651041455,0.0
2024-02-18,2024,224931182,61068533,Port Lincoln,4.36,3.35,3.3,-0.06914966452142954,-0.07367250486516544,False,False,50,-0.024854528549988486,1.0
2024-02-18,2024,224931218,66069569,Port Lincoln,6.7,3.55,4.0,-0.13243640950178687,-0.10074626865671643,True,False,50,-0.024854528549988486,0.0
2024-02-21,2024,225072511,66239940,Strathalbyn,5.19,3.57,3.55,-0.08743381745761891,-0.08901191348476217,True,False,50,-0.024574674108452932,1.0
2024-03-02,2024,225458087,65787501,Morphettville,4.67,2.87,2.96,-0.13429929343649505,-0.12370507552520399,True,False,50,-0.023211254946769816,1.0
2024-03-02,2024,225458129,66543159,Morphettville,4.89,3.03,3.4,-0.12553402579521755,-0.08961866955371106,True,False,50,-0.023211254946769816,1.0
2024-03-02,2024,225458136,66543162,Morphettville,4.44,2.61,3.15,-0.1579165372268821,-0.09223509223509224,True,False,50,-0.023211254946769816,1.0
2024-03-06,2024,225684409,51982365,Balaklava,4.88,2.62,2.7,-0.17676135652609182,-0.1654523375834851,True,False,50,-0.030592809234766566,1.0
2024-03-09,2024,225793004,66790075,Murray Bridge,4.28,3.2,2.98,-0.07885514018691589,-0.10192560998557362,True,False,50,-0.03258560998475776,0.0
2024-03-10,2024,225886878,53407694,Clare,4.87,3.5,3.45,-0.08037547667937811,-0.08451626342886054,True,False,50,-0.028415348326361056,1.0
2024-03-10,2024,225886890,50379679,Clare,5.06,3.5,3.5,-0.08808582721626196,-0.08808582721626196,True,False,50,-0.028415348326361056,0.0
2024-03-11,2024,225849589,51784036,Morphettville,4.56,3.13,3.1,-0.10019057227733869,-0.10328239954725521,True,False,50,-0.032064657541969716,1.0
2024-03-13,2024,226031743,58813797,Strathalbyn,7.12,2.32,4.1,-0.2905850445563735,-0.10345300082214307,True,False,50,-0.03131118345019712,0.0
2024-03-13,2024,226031764,50997552,Strathalbyn,4.93,3.25,3.15,-0.1048525511000156,-0.11462056086802533,True,False,50,-0.03131118345019712,0.0
2024-03-22,2024,226413720,67289356,Mount Gambier,3.5,2.16,2.32,-0.1772486772486772,-0.14532019704433502,True,False,50,-0.028464429227700677,1.0
2024-03-22,2024,226413732,45942762,Mount Gambier,4.8,3.21,3.45,-0.10319314641744545,-0.08152173913043478,True,False,50,-0.028464429227700677,0.0
2024-03-22,2024,226413750,38276525,Mount Gambier,5.04,2.98,3.15,-0.13715777138595933,-0.11904761904761904,True,False,50,-0.028464429227700677,0.0
2024-03-23,2024,226414104,9521371,Morphettville,3.85,2.98,2.98,-0.07583021005839802,-0.07583021005839802,True,False,50,-0.028572233587767143,1.0
2024-03-27,2024,226646606,1405464,Strathalbyn,5.93,3.98,4.0,-0.08262221732609079,-0.08136593591905564,True,False,50,-0.03173877661570995,1.0
2024-03-27,2024,226646634,57305565,Strathalbyn,4.69,3.23,3.25,-0.09637790701512344,-0.09447269148761689,True,False,50,-0.03173877661570995,0.0
2024-03-30,2024,226736666,60490286,Oakbank,3.62,2.8,2.82,-0.0808997632202052,-0.07836683515536225,True,False,50,-0.031146770449511668,0.0
2024-03-30,2024,226736673,42571687,Oakbank,5.37,2.9,3.15,-0.1586078469145316,-0.13124057816795245,True,False,50,-0.031146770449511668,1.0
2024-03-30,2024,226736680,67530884,Oakbank,3.61,2.87,2.84,-0.07142374549982139,-0.07510436580703056,True,False,50,-0.031146770449511668,1.0
2024-03-30,2024,226736694,54670688,Oakbank,5.27,3.74,3.45,-0.07762635846127303,-0.10010175178065617,True,False,50,-0.031146770449511668,0.0
2024-03-30,2024,226736701,53751273,Oakbank,6.79,4.24,4.6,-0.08857365159640979,-0.07011589934046233,True,False,50,-0.031146770449511668,1.0
2024-03-30,2024,226779846,67530633,Clare,3.08,2.02,2.08,-0.17037418027517037,-0.15609390609390605,True,False,50,-0.031146770449511668,1.0
2024-03-31,2024,226829115,65260443,Penola,5.49,3.47,3.55,-0.1060350755631145,-0.09954077836783912,True,False,50,-0.0444679866115939,0.0
2024-04-01,2024,226730262,630430,Oakbank,5.85,3.83,4.1,-0.09015643480395436,-0.07296226808421932,True,False,50,-0.04046840605326868,0.0
2024-04-03,2024,226958609,67222542,Murray Bridge,4.7,3.55,3.15,-0.06892418339826192,-0.10469436001350893,False,False,50,-0.04070872033898176,1.0
2024-04-03,2024,226958616,4827507,Murray Bridge,5.31,3.66,3.65,-0.08490012657837048,-0.08564868560224953,True,False,50,-0.04070872033898176,1.0
2024-04-10,2024,227312862,68063568,Gawler,5.03,2.94,3.05,-0.14132889736411464,-0.12906169540136236,True,False,50,-0.038395668102093466,0.0
2024-04-13,2024,227403514,64205535,Morphettville,4.59,2.92,3.05,-0.12460082967738081,-0.11000392871173972,True,False,50,-0.03777281022034826,0.0
2024-04-24,2024,227955350,68569513,Mount Gambier,4.4,2.6,2.38,-0.15734265734265732,-0.1928953399541635,True,False,50,-0.03888624746305072,1.0
2024-04-25,2024,228003620,68599930,Gawler,2.87,2.45,2.22,-0.059731209556993514,-0.10201839470132151,False,False,50,-0.04065044383119193,0.0
2024-04-28,2024,228146731,61791107,Strathalbyn,3.22,2.34,2.38,-0.11679142113924729,-0.10960906101571066,True,False,50,-0.044304710756781385,0.0
2024-05-04,2024,228372821,48198693,Morphettville,4.43,2.99,3.2,-0.10871452622360461,-0.08676636568848756,True,False,50,-0.03854555381357183,0.0
2024-05-04,2024,228372856,68890283,Morphettville,4.06,3.05,3.15,-0.08156343373980457,-0.07115489874110559,True,False,50,-0.03854555381357183,1.0
2024-05-05,2024,228448323,46652556,Port Augusta,5.71,4.19,3.95,-0.06353213597548996,-0.07803320845064174,False,False,50,-0.03429835974395354,0.0
2024-05-08,2024,228579903,53882874,Gawler,3.12,2.12,2.16,-0.15118529269472664,-0.14245014245014243,True,False,50,-0.03429835974395354,1.0
2024-05-08,2024,228579924,69066733,Gawler,4.37,2.32,2.44,-0.20220153081354064,-0.18100311362869043,True,False,50,-0.03429835974395354,0.0
2024-05-08,2024,228579931,51936167,Gawler,3.86,2.53,2.8,-0.13618955948309408,-0.09807549962990375,True,False,50,-0.03429835974395354,0.0
2024-05-17,2024,228960957,37173712,Port Augusta,5.41,3.12,3.1,-0.1356699369638371,-0.13773776161230694,True,False,50,-0.033436704390659794,0.0
2024-05-25,2024,229233968,69641810,Murray Bridge,4.6,2.83,2.68,-0.13596558611153786,-0.1557430240103828,True,False,50,-0.033352262779308556,0.0
2024-05-31,2024,229466388,22636222,Port Augusta,4.01,2.9,3.05,-0.09545102760340529,-0.07849229385552514,True,False,50,-0.029157143183040024,0.0
2024-05-31,2024,229466394,2779205,Port Augusta,5.03,3.6,3.5,-0.07897062072012373,-0.08690712865663164,True,False,50,-0.029157143183040024,0.0
2024-06-01,2024,229470763,68450227,Morphettville,5.8,3.95,4.1,-0.08075076385857699,-0.07148864592094198,True,False,50,-0.029951371422586914,0.0
2024-06-02,2024,229522150,69322915,Penola,4.04,1.93,2.04,-0.2706099625506593,-0.242671325956125,True,False,50,-0.030194535354377994,1.0
2024-06-09,2024,229700326,26222525,Port Augusta,5.94,3.85,3.7,-0.09139009139009138,-0.1019201019201019,True,False,50,-0.03451126092507542,0.0
2024-06-09,2024,229700344,41119955,Port Augusta,6.56,4.4,4.4,-0.07483370288248337,-0.07483370288248337,True,False,50,-0.03451126092507542,0.0
2024-06-12,2024,229786599,64575162,Mount Gambier,5.28,3.79,3.5,-0.07445830335012393,-0.0963203463203463,True,False,50,-0.026628965612909866,0.0
2024-06-19,2024,229946867,70570691,Balaklava,5.14,2.52,2.72,-0.20227286764251742,-0.17309452964065,True,False,50,-0.02670949446162546,0.0
2024-06-23,2024,230029987,70666680,Port Augusta,6.03,3.05,3.15,-0.16203137318870134,-0.15162283819000236,True,False,50,-0.015339415438914566,0.0
2024-06-23,2024,230030017,63161111,Port Augusta,4.67,2.84,2.78,-0.13797991374370422,-0.14557946790319354,True,False,50,-0.015339415438914566,0.0
2024-06-26,2024,230105557,43884350,Gawler,4.3,2.6,2.6,-0.15205724508050086,-0.15205724508050086,True,False,50,-0.007953077997892993,0.0
2024-06-29,2024,230159293,7151469,Morphettville,4.43,3.21,3.3,-0.08579284543926635,-0.0772966687187906,True,False,50,-0.007517521256968224,0.0
2024-07-06,2024,230371089,44327601,Gawler,5.64,3.3,3.35,-0.12572533849129594,-0.12120249814756004,True,False,50,-0.0009598745844861811,0.0
2024-07-10,2024,230512560,63084119,Mount Gambier,5.47,3.57,3.55,-0.09729668832798202,-0.09887478435512528,True,False,50,-0.0030733619151103175,0.0
2024-07-13,2024,230571760,71403409,Murray Bridge,4.27,2.76,2.98,-0.1281268031089842,-0.10137843232793173,True,False,50,-0.003243147640611538,0.0
2024-07-17,2024,230729716,42201555,Gawler,8.11,3.35,3.55,-0.17520290041776318,-0.15838557857626648,True,False,50,-0.0026512882362318413,0.0
2024-07-24,2024,230955124,4538804,Murray Bridge,4.35,2.93,3.1,-0.11141187085638063,-0.09269558769002592,True,False,50,-0.00025230365876025007,0.0
2024-07-26,2024,231018163,44966104,Bordertown,4.87,2.61,3.0,-0.1778029534171997,-0.12799452429842573,True,False,50,-0.0004443734122035192,1.0
2024-07-28,2024,231078894,71939974,Gawler,7.28,3.7,3.75,-0.13290763290763288,-0.12930402930402932,True,False,50,-0.0033334622271940784,0.0
2024-08-03,2024,231277867,72167534,Murray Bridge,5.73,3.08,3.15,-0.15015525486729675,-0.14294024765228952,True,True,50,0.00036113153526379227,0.0
2024-08-09,2024,231536242,72414173,Mount Gambier,4.49,2.54,2.6,-0.1709836381810848,-0.16189823539489462,True,True,50,0.0008525073360209912,0.0
2024-08-21,2024,231995695,72850425,Balaklava,4.62,3.24,3.2,-0.09219175885842551,-0.09604978354978355,True,True,50,0.0019356394955312994,0.0
2024-08-24,2024,232084524,71651605,Morphettville,3.32,2.48,2.34,-0.10202098717450447,-0.12614560807331893,True,True,50,0.0075635713683908645,0.0
2024-08-28,2024,232294134,55781512,Strathalbyn,5.07,3.31,3.3,-0.10487614484825733,-0.10579164425318274,True,True,50,0.01140571121061637,1.0
2024-08-28,2024,232294161,52670875,Strathalbyn,4.19,2.68,2.94,-0.13447084387133543,-0.1014725699348952,True,True,50,0.01140571121061637,1.0
2024-08-30,2024,232367666,28485916,Naracoorte,5.21,3.5,3.65,-0.09377570605977514,-0.08203402308521546,True,True,50,0.01141063605161205,0.0
2024-09-04,2024,232553181,72167533,Murray Bridge,4.52,3.0,3.3,-0.11209439528023596,-0.08179136497720568,True,True,50,0.011309043144085373,1.0
2024-09-07,2024,232631825,64051199,Morphettville,3.64,2.6,2.74,-0.10989010989010989,-0.09023822892436034,True,True,50,0.007289538291079922,1.0
2024-09-11,2024,232822521,1260068,Balaklava,3.43,2.5,2.58,-0.10845481049562689,-0.09605170972043303,True,True,50,0.006955329702840879,1.0
2024-09-11,2024,232822563,43308857,Balaklava,4.13,2.94,3.05,-0.09800530381644182,-0.08573810185368955,True,True,50,0.006955329702840879,0.0
2024-09-14,2024,232895738,46790789,Morphettville,7.2,4.7,4.6,-0.07387706855791962,-0.07850241545893721,True,True,50,0.0029409303771046613,0.0
2024-09-22,2024,233259062,46080721,Mount Gambier,5.53,3.25,3.35,-0.12686048129086105,-0.11767563628512048,True,True,50,0.001957212494024446,0.0
2024-10-02,2024,233780210,74459603,Balaklava,3.71,2.68,2.68,-0.1035925493824677,-0.1035925493824677,True,True,50,0.007564884892780344,0.0
2024-10-05,2024,233870285,65732381,Morphettville,3.39,2.59,2.68,-0.09111513536292298,-0.0781490776207458,True,True,50,0.011875062827742061,1.0
2024-10-07,2024,234013842,74571829,Gawler,4.88,3.43,3.6,-0.08662715671748789,-0.07285974499089254,True,True,50,0.007747971784755281,1.0
2024-10-11,2024,234197245,74813702,Morphettville,5.13,3.38,3.6,-0.10092621428653817,-0.08284600389863547,True,True,50,0.003925031494776826,0.0
2024-10-13,2024,234274215,66732599,Port Lincoln,5.78,3.5,3.3,-0.11270390509144834,-0.13001992240746568,True,True,50,0.00964232829649675,1.0
2024-10-23,2024,234783708,42023223,Strathalbyn,9.960513733,6.14,5.8,-0.06247002149515109,-0.0720173650871987,False,False,50,-0.0004555180266159753,1.0
2024-10-27,2024,235003736,8779680,Port Lincoln,6.53,4.2,4.2,-0.08495588128053672,-0.08495588128053672,True,False,50,-0.0004555180266159753,0.0
2024-10-27,2024,235003742,67077283,Port Lincoln,5.55,3.79,3.65,-0.08367206256388313,-0.09379242255954581,True,False,50,-0.0004555180266159753,0.0
2024-10-27,2024,235003748,23211041,Port Lincoln,6.21,3.0,3.3,-0.1723027375201288,-0.14199970721709854,True,False,50,-0.0004555180266159753,0.0
2024-10-30,2024,235172351,39232687,Balaklava,4.46,2.93,2.88,-0.11708168169087371,-0.1230069755854509,True,False,50,-0.0014017188022025229,1.0
2024-11-02,2024,235297645,5749747,Morphettville,4.93,3.29,3.65,-0.10111161118886289,-0.0711328461474339,True,False,50,-0.005513487903203801,0.0
2024-11-02,2024,235297681,63859101,Morphettville,4.89,3.84,3.15,-0.05591768916155421,-0.11296133995520496,False,False,50,-0.005513487903203801,0.0
2024-11-06,2024,235558655,52696646,Port Lincoln,4.96,3.56,3.6,-0.07928597317868794,-0.07616487455197132,True,False,50,-0.0008336306334197074,0.0
2024-11-06,2024,235558673,41408638,Port Lincoln,4.14,3.23,3.2,-0.06805162950000748,-0.07095410628019322,False,False,50,-0.0008336306334197074,0.0
2024-11-07,2024,235609712,75965266,Gawler,5.68,3.99,3.9,-0.07457022838787106,-0.08035391838208741,True,False,50,-0.00087613715252291,0.0
2024-11-09,2024,235657115,45367390,Morphettville,4.07,3.01,3.15,-0.08652566792101679,-0.07176007176007176,True,False,50,-0.0009147391542891625,0.0
2024-11-09,2024,235657124,47841843,Morphettville,4.34,2.87,2.94,-0.11801730920535008,-0.1097213078779899,True,False,50,-0.0009147391542891625,1.0
2024-11-09,2024,235657142,27693011,Morphettville,4.7,3.36,3.5,-0.0848530901722391,-0.07294832826747719,True,False,50,-0.0009147391542891625,1.0
2024-11-09,2024,235657160,59620345,Morphettville,4.25,3.0,2.98,-0.0980392156862745,-0.10027635215159891,True,False,50,-0.0009147391542891625,0.0
2024-11-13,2024,235882706,76246380,Murray Bridge,3.38,2.61,2.66,-0.08728377428642681,-0.08008186145837964,True,False,50,-0.01114010459097281,0.0
2024-11-20,2024,236144912,17526090,Balaklava,6.56,4.2,3.85,-0.08565621370499418,-0.10730123535001582,True,False,50,-0.011754778856395448,0.0
2024-11-23,2024,236226177,773678,Morphettville,6.09,3.32,3.45,-0.13700120679763392,-0.12565145998429358,True,False,50,-0.011811535584627636,0.0
2024-11-24,2024,236279141,76706000,Strathalbyn,3.5,2.76,2.6,-0.0766045548654245,-0.09890109890109888,True,False,50,-0.011458166727067315,1.0
2024-11-24,2024,236279147,67222531,Strathalbyn,4.55,3.31,3.4,-0.08233458384515785,-0.07433742727860376,True,False,50,-0.011458166727067315,0.0
2024-11-29,2024,236499283,77021260,Naracoorte,5.77,3.6,3.95,-0.10446755247448489,-0.07985433165873237,True,False,50,-0.014839110671773764,0.0
2024-11-29,2024,236499295,77021278,Naracoorte,4.65,2.74,2.7,-0.14990974020877484,-0.15531660692951016,True,False,50,-0.014839110671773764,0.0
2024-11-30,2024,236496272,70102537,Morphettville,4.19,3.12,3.05,-0.08184933602594699,-0.08920536797214293,True,False,50,-0.01516425916315331,1.0
2024-11-30,2024,236496283,76335241,Morphettville,3.76,2.52,2.46,-0.13086795001688617,-0.14054661823213976,True,False,50,-0.01516425916315331,0.0
2024-12-01,2024,236582894,65732198,Clare,5.98,4.0,4.2,-0.08277591973244147,-0.07087115782767955,True,False,50,-0.014618800970075868,0.0
2024-12-04,2024,236706157,77301804,Balaklava,5.09,3.44,3.7,-0.09423402019463609,-0.07380661604630165,True,False,50,-0.008908632366595143,1.0
2024-12-06,2024,236806927,77385805,Port Lincoln,4.48,2.98,2.96,-0.11235618408437203,-0.11462355212355213,True,False,50,-0.012843400261728477,1.0
2024-12-07,2024,236809433,77385665,Morphettville,3.16,2.3,2.26,-0.1183269124931206,-0.1260221799036631,True,False,50,-0.017581125401768982,0.0
2024-12-07,2024,236809496,62355454,Morphettville,4.83,3.31,3.3,-0.09507546615125756,-0.09599096555618297,True,False,50,-0.017581125401768982,1.0
2024-12-07,2024,236809505,38924459,Morphettville,4.69,2.86,3.1,-0.13643073344565887,-0.1093610289565995,True,False,50,-0.017581125401768982,1.0
2024-12-08,2024,236889383,77427290,Murray Bridge,5.94,2.77,3.35,-0.19266066197474144,-0.1301572943363988,True,False,50,-0.02707298785061374,0.0
2024-12-13,2024,237090623,72096707,Morphettville,4.9,2.67,2.76,-0.17045020255293133,-0.158237207926649,True,False,50,-0.02618424018033283,1.0
2024-12-14,2024,237091717,72641882,Gawler,4.32,3.35,3.2,-0.06702598120508568,-0.08101851851851855,False,False,50,-0.027882112153659322,1.0
2024-12-14,2024,237091744,77688234,Gawler,6.0,3.52,3.5,-0.11742424242424246,-0.11904761904761904,True,False,50,-0.027882112153659322,0.0
2024-12-14,2024,237091753,77688237,Gawler,5.51,4.2,3.8,-0.05660703482845042,-0.08166969147005443,False,False,50,-0.027882112153659322,0.0
2024-12-14,2024,237091771,59415268,Gawler,5.66,4.06,4.0,-0.06962697348952987,-0.07332155477031801,False,False,50,-0.027882112153659322,0.0
2024-12-17,2024,237225862,76934188,Bordertown,4.98,3.65,3.55,-0.07316938988832042,-0.08088692799366484,True,False,50,-0.023090060425237785,0.0
2024-12-17,2024,237225880,51294777,Bordertown,5.17,3.5,3.6,-0.09229068803536886,-0.08435418009886095,True,False,50,-0.023090060425237785,0.0
2024-12-17,2024,237225892,382052,Bordertown,6.52,3.64,3.35,-0.12135104159644033,-0.14513322955773278,True,False,50,-0.023090060425237785,0.0
2024-12-18,2024,237267337,59768360,Port Lincoln,3.9,2.76,2.84,-0.10590858416945376,-0.09570241964608162,True,False,50,-0.015180727273302413,0.0
2024-12-18,2024,237267351,40433970,Port Lincoln,4.69,3.37,3.45,-0.08351628883981954,-0.0766354562590773,True,False,50,-0.015180727273302413,0.0
2024-12-21,2024,237350928,59231890,Murray Bridge,4.89,3.28,3.55,-0.10037907127537532,-0.07719116333995796,True,False,50,-0.011321501300497444,0.0
2024-12-21,2024,237350937,3515862,Murray Bridge,4.27,3.16,3.25,-0.0822636587318056,-0.0735002702215817,True,False,50,-0.011321501300497444,0.0
2024-12-22,2024,237427118,6991391,Mount Gambier,3.9,2.73,2.96,-0.10989010989010983,-0.08142758142758139,True,False,50,-0.010559632503442634,0.0
2024-12-27,2024,237550403,59620493,Strathalbyn,6.01,3.24,3.3,-0.14225262422711116,-0.13664095194877224,True,False,50,-0.010486059364548661,0.0
2024-12-28,2024,237551101,78230140,Morphettville,4.18,2.91,3.0,-0.10440816192308322,-0.09409888357256774,True,False,50,-0.010466099436885368,0.0
2024-12-28,2024,237551128,63084171,Morphettville,6.03,4.3,4.1,-0.06672066026456863,-0.07806495975407518,False,False,50,-0.010466099436885368,0.0
2024-12-28,2024,237551155,62355454,Morphettville,5.37,3.96,3.9,-0.06630551323288755,-0.07019051711789145,False,False,50,-0.010466099436885368,1.0
2024-12-31,2024,237666341,64721018,Port Lincoln,7.28,4.1,4.2,-0.10653980166175292,-0.10073260073260074,True,False,50,-0.00348163993071382,0.0
2025-01-01,2025,237700433,63363700,Murray Bridge,4.38,2.89,3.15,-0.11771025896256967,-0.0891498151772124,True,False,50,-0.0036599128722127616,1.0
2025-01-04,2025,237750411,78464660,Murray Bridge,6.01,3.64,3.65,-0.10833592364374389,-0.10758325165819521,True,False,50,-0.007792914164613807,0.0
2025-01-05,2025,237803133,7613624,Naracoorte,4.72,3.17,3.3,-0.1035930064695503,-0.091165896250642,True,False,50,-0.0074777045264606545,1.0
2025-01-08,2025,237916447,49297058,Oakbank,6.86,4.3,3.8,-0.08678554478269715,-0.11738529998465552,True,False,50,-0.00705473275246829,0.0
2025-01-11,2025,237998226,66790075,Murray Bridge,6.78,3.42,3.35,-0.14490503544998187,-0.15101483731783558,True,False,50,-0.0022651738253469944,0.0
2025-01-15,2025,238201883,78916275,Strathalbyn,4.42,2.72,2.9,-0.14140271493212667,-0.11858324231549386,True,False,50,-0.0017333896484912903,1.0
2025-01-17,2025,238277961,64545710,Penola,5.74,3.71,3.8,-0.09532575110117678,-0.08894186686227765,True,False,50,-0.007413546277864641,0.0
2025-01-18,2025,238280945,78976345,Murray Bridge,3.21,2.33,2.42,-0.1176580696054444,-0.10169666074508898,True,False,50,-0.00320847041455935,1.0
2025-01-24,2025,238564249,79257849,Murray Bridge,5.5,3.89,3.7,-0.07525122692217806,-0.0884520884520884,True,False,50,-0.007196629944805605,0.0
2025-01-24,2025,238564273,62788621,Murray Bridge,7.74,4.2,4.4,-0.10889627168696936,-0.09807376086445854,True,False,50,-0.007196629944805605,0.0
2025-01-29,2025,238789566,72583849,Morphettville,3.9,2.59,2.68,-0.12969012969012966,-0.11672407194795248,True,False,50,-0.004183105346675986,1.0
2025-02-02,2025,238956053,78047845,Mount Gambier,4.89,3.14,3.45,-0.11397236007450534,-0.08535609495865565,True,False,50,-0.008733699879248713,1.0
2025-02-08,2025,239192402,53148141,Morphettville,3.98,2.5,2.6,-0.14874371859296487,-0.13335910320834943,True,False,50,-0.008746097533807229,1.0
2025-02-14,2025,239528016,79455846,Clare,3.75,3.3,2.94,-0.036363636363636376,-0.07346938775510203,False,False,50,-0.00978253639299606,1.0
2025-02-14,2025,239528028,51616010,Clare,5.8,4.3,4.1,-0.06014434643143543,-0.07148864592094198,False,False,50,-0.00978253639299606,0.0
2025-02-15,2025,239524459,60816370,Morphettville,5.51,2.8,3.05,-0.1756546538760695,-0.14638064919222876,True,False,50,-0.010488811439713641,1.0
2025-02-16,2025,239591894,80130139,Naracoorte,3.73,2.06,2.1,-0.21734037845857518,-0.20809396144516784,True,False,50,-0.016331281024681593,1.0
2025-02-16,2025,239591924,15469667,Naracoorte,3.75,3.0,2.94,-0.06666666666666665,-0.07346938775510203,False,False,50,-0.016331281024681593,0.0
2025-02-20,2025,239768260,78976754,Kangaroo Island,5.13,3.4,3.5,-0.09918587317968122,-0.09078251183514338,True,False,50,-0.022418465166659046,0.0
2025-02-22,2025,239812675,79803691,Morphettville,3.99,2.39,2.46,-0.16778347542496408,-0.1558774986246103,True,False,50,-0.022961906550185374,1.0
2025-02-22,2025,239812684,80362435,Morphettville,3.83,2.36,2.7,-0.16263220781519677,-0.10927376462624505,True,False,50,-0.022961906550185374,0.0
2025-02-22,2025,239812702,80362437,Morphettville,4.55,3.14,3.15,-0.09869111779939804,-0.09768009768009767,True,False,50,-0.022961906550185374,0.0
2025-02-22,2025,239812720,48872095,Morphettville,5.19,3.47,3.55,-0.09550621068003756,-0.08901191348476217,True,False,50,-0.022961906550185374,0.0
2025-02-22,2025,239812747,80362461,Morphettville,4.45,3.03,3.25,-0.10531390217673453,-0.08297320656871221,True,False,50,-0.022961906550185374,0.0
2025-02-23,2025,239888871,57113795,Balaklava,5.01,3.92,3.55,-0.05550124241313292,-0.08208934244187682,False,False,50,-0.028082564583685715,0.0
2025-03-01,2025,240124555,38937016,Morphettville,5.67,3.24,3.8,-0.13227513227513227,-0.0867910517033324,True,False,50,-0.027425440562240777,1.0
2025-03-01,2025,240124582,80639313,Morphettville,4.85,3.49,3.6,-0.08034738427908897,-0.0715922107674685,True,False,50,-0.027425440562240777,0.0
2025-03-02,2025,240217437,54403833,Penola,6.84,3.85,4.1,-0.113541429330903,-0.09770360861503355,True,False,50,-0.028572098346977548,1.0
2025-03-08,2025,240470460,58371149,Murray Bridge,5.73,3.66,3.9,-0.09870397390781904,-0.08189018660222852,True,False,50,-0.02328772518926997,0.0
2025-03-08,2025,240470514,79257855,Murray Bridge,7.04,4.1,3.95,-0.10185698447893571,-0.11111910241657072,True,False,50,-0.02328772518926997,0.0
2025-03-10,2025,240504435,80973061,Morphettville,6.21,3.87,3.95,-0.09736733700333294,-0.09213396114882078,True,False,50,-0.023370991423413895,0.0
2025-03-12,2025,240696548,81155857,Strathalbyn,6.69,3.96,4.4,-0.1030484214340717,-0.07779589618154642,True,False,50,-0.023438617943939116,0.0
2025-03-16,2025,240873165,81263581,Port Lincoln,6.65,3.83,3.35,-0.11072066589450125,-0.14813152283694309,True,False,50,-0.029930238934173403,0.0
2025-03-21,2025,241107273,81517804,Mount Gambier,5.95,4.1,4.1,-0.07583521213363398,-0.07583521213363398,True,False,50,-0.033258426560528326,0.0
2025-03-21,2025,241107279,41729046,Mount Gambier,3.99,3.13,3.1,-0.0688622514753337,-0.07195407874525023,False,False,50,-0.033258426560528326,1.0
2025-03-21,2025,241107297,7189781,Mount Gambier,5.18,3.3,3.7,-0.10998010998010999,-0.07722007722007718,True,False,50,-0.033258426560528326,0.0
2025-03-22,2025,241102353,81517757,Morphettville,4.6,2.65,2.68,-0.15996718621821165,-0.1557430240103828,True,False,50,-0.03429522653699757,0.0
2025-03-22,2025,241102407,60568481,Morphettville,5.08,3.49,3.55,-0.08968255758861088,-0.08483974714428305,True,False,50,-0.03429522653699757,0.0
2025-03-26,2025,241334911,5178491,Strathalbyn,4.38,2.45,2.42,-0.17985276302301736,-0.18491263821276274,True,False,50,-0.03238804691183117,0.0
2025-03-30,2025,241509600,62591843,Port Lincoln,6.86,4.39,4.3,-0.08201783804963578,-0.08678554478269715,True,False,50,-0.029917978117243532,1.0
2025-03-30,2025,241509612,36853005,Port Lincoln,6.45,4.9,4.4,-0.04904287296313872,-0.07223396758280479,False,False,50,-0.029917978117243532,0.0
2025-04-05,2025,241780050,82078017,Morphettville,5.21,3.05,3.0,-0.13593027280450587,-0.14139475367882276,True,False,50,-0.029534731796817537,0.0
2025-04-06,2025,241873251,544210,Naracoorte,4.48,3.2,3.4,-0.0892857142857143,-0.07090336134453784,True,False,50,-0.028534446192618856,0.0
2025-04-11,2025,242123822,60779400,Strathalbyn,4.76,3.7,3.55,-0.06018623665682485,-0.07160610723162505,False,False,50,-0.023936120686401413,0.0
2025-04-11,2025,242123828,72096699,Strathalbyn,5.86,3.93,3.9,-0.08380446204482889,-0.08576179224643393,True,False,50,-0.023936120686401413,0.0
2025-04-16,2025,242367402,82538254,Balaklava,6.39,3.59,3.85,-0.1220570093417204,-0.10324573704855391,True,False,50,-0.0231405245403552,0.0
2025-04-20,2025,242569149,72414173,Penola,4.1,2.65,2.92,-0.1334560515416475,-0.09856331440026725,True,False,50,-0.026586937587340653,1.0
2025-04-21,2025,242567695,67855250,Oakbank,6.81,3.9,4.0,-0.10956737828984528,-0.10315712187958884,True,False,50,-0.030790096886048307,0.0
2025-04-21,2025,242567713,50880065,Oakbank,7.07,4.7,4.2,-0.07132324174666707,-0.09665252239509664,True,False,50,-0.030790096886048307,1.0
2025-04-25,2025,242804689,82018116,Balaklava,3.29,2.39,2.54,-0.11445867405984916,-0.08974941962041977,True,False,50,-0.028178987533505034,0.0
2025-04-25,2025,242804698,53147774,Balaklava,5.17,2.97,2.98,-0.14327673902141982,-0.1421468721197409,True,False,50,-0.028178987533505034,1.0
2025-04-26,2025,242804987,82344622,Morphettville,3.94,3.1,2.9,-0.06877353856230556,-0.09102047960791182,False,False,50,-0.0282879061570194,1.0
2025-04-30,2025,243054321,81746601,Murray Bridge,6.36,3.7,3.7,-0.11303756586775451,-0.11303756586775451,True,False,50,-0.0282879061570194,0.0
2025-05-03,2025,243148393,82278031,Morphettville,4.38,3.25,3.3,-0.07938180540920267,-0.074719800747198,True,False,50,-0.013127747943042445,0.0
2025-05-10,2025,243470538,83378654,Morphettville,4.41,3.23,3.25,-0.08284015360530181,-0.08093493807779525,True,False,50,-0.009398769426053416,0.0
2025-05-10,2025,243470574,49739404,Morphettville,5.94,3.8,3.95,-0.09480772638667376,-0.08481438861185694,True,False,50,-0.009398769426053416,0.0
2025-05-11,2025,243549879,69901990,Port Augusta,6.85,3.82,4.2,-0.11579470325218785,-0.09210983663538405,True,False,50,-0.0031916767669532,0.0
2025-05-11,2025,243549885,65260535,Port Augusta,5.06,3.15,3.15,-0.1198318589622937,-0.1198318589622937,True,False,50,-0.0031916767669532,1.0
2025-05-21,2025,243969090,69066730,Balaklava,5.8,4.18,3.9,-0.06682065665731729,-0.08399646330680816,False,True,50,0.0005171379303499646,0.0
2025-05-24,2025,244044169,71904197,Murray Bridge,4.47,2.58,2.94,-0.16388325269236767,-0.1164224078893302,True,True,50,0.00612050859692731,0.0
2025-06-01,2025,244364401,73482805,Penola,5.28,3.67,3.75,-0.08308562463875818,-0.07727272727272727,True,True,50,0.0024441222939611262,0.0
2025-06-04,2025,244447083,51052649,Balaklava,4.61,2.44,2.76,-0.19291632587745816,-0.14539910088339786,True,True,50,0.0024253934925864973,1.0
2025-06-11,2025,244657619,82277803,Mount Gambier,5.62,3.36,3.2,-0.11968310455854939,-0.13456405693950177,True,True,50,0.0021891686933594168,1.0
2025-06-27,2025,245099253,68063559,Bordertown,4.37,2.73,2.9,-0.1374674143552862,-0.1159946342618165,True,True,50,0.0007588861375063816,1.0
2025-06-28,2025,245099500,67038983,Morphettville,4.77,3.1,3.45,-0.11293703929126933,-0.08021146659374714,True,False,50,-0.003948040561512073,0.0
2025-07-02,2025,245229895,53858031,Murray Bridge,5.95,4.02,4.2,-0.08068899201471638,-0.0700280112044818,True,False,50,-0.0033707200786482483,0.0
2025-07-23,2025,245866244,73176912,Murray Bridge,5.95,3.25,3.2,-0.13962508080155142,-0.1444327731092437,True,False,50,-0.007980466103487238,0.0
2025-07-26,2025,245916121,6946641,Morphettville,5.07,2.99,3.2,-0.13720950175799676,-0.1152613412228797,True,False,50,-0.01163827288533284,0.0
2025-07-30,2025,246088360,73176899,Balaklava,5.0,3.98,3.6,-0.05125628140703514,-0.07777777777777778,False,False,50,-0.009564705273170299,0.0
2025-08-06,2025,246310059,86820485,Morphettville,5.04,3.45,3.5,-0.09144237405106972,-0.0873015873015873,True,False,50,-0.006076658692938469,0.0
2025-08-06,2025,246310068,86820493,Morphettville,3.57,2.36,2.22,-0.1436167687413949,-0.17033840563252323,True,False,50,-0.006076658692938469,0.0
2025-08-08,2025,246379247,73991426,Mount Gambier,4.88,3.15,3.1,-0.11254228467343219,-0.11766261237440506,True,False,50,-0.005309847814344404,0.0
2025-08-09,2025,246373704,61826539,Morphettville,4.51,3.48,3.3,-0.06562683181690748,-0.08130081300813008,False,False,50,-0.005090687407390521,1.0
2025-08-09,2025,246373731,50712912,Morphettville,4.51,2.38,2.68,-0.1984385772047178,-0.15140483833603596,True,False,50,-0.005090687407390521,0.0
2025-08-20,2025,246804231,87379556,Strathalbyn,4.36,3.26,3.2,-0.07739066809253112,-0.0831422018348624,True,True,50,0.0002576198507000249,0.0
2025-08-20,2025,246804294,59354641,Strathalbyn,5.91,3.59,4.0,-0.10934679430076968,-0.08079526226734349,True,True,50,0.0002576198507000249,0.0
2025-08-27,2025,247063528,1133332,Gawler,6.38,4.87,4.1,-0.04859899712268187,-0.08716262711216455,False,True,50,0.007517438487307959,0.0
2025-09-10,2025,247548374,22459341,Balaklava,5.41,4.1,3.85,-0.059059555475406894,-0.07489737619127634,False,True,50,0.010839558134562388,0.0
2025-09-13,2025,247621893,3564748,Morphettville,4.82,3.35,3.55,-0.09103858301851736,-0.07422126117702066,True,True,50,0.009798192449774479,0.0
2025-09-13,2025,247621911,88376204,Morphettville,3.1,2.57,2.48,-0.06652441320446845,-0.08064516129032262,False,True,50,0.009798192449774479,1.0
2025-09-13,2025,247621929,79803699,Morphettville,6.67,3.45,3.3,-0.13993003498250875,-0.15310526554904366,True,True,50,0.009798192449774479,0.0
2025-09-13,2025,247621947,74459617,Morphettville,6.91,3.6,3.85,-0.1330599774883422,-0.11502245945082412,True,True,50,0.009798192449774479,1.0
2025-09-20,2025,247897828,1021612,Morphettville,4.03,2.78,2.84,-0.11157327239945022,-0.1039737182399609,True,True,50,0.010498568873508057,0.0
2025-09-21,2025,247958728,728875,Mount Gambier,4.96,2.76,3.15,-0.16070593735390373,-0.11584741423451098,True,True,50,0.011289520496222283,1.0
2025-09-24,2025,248081380,88927587,Balaklava,4.83,2.96,2.9,-0.13079850036371776,-0.1377882487327765,True,True,50,0.005492419677315286,0.0
2025-09-27,2025,248192725,77688228,Morphettville,4.96,3.66,3.65,-0.0716111404900405,-0.07235969951391955,True,True,50,0.006232516168368257,1.0
2025-09-28,2025,248274415,89059903,Strathalbyn,4.33,3.05,3.3,-0.09692197024192636,-0.07208342081321298,True,True,50,0.0032125893462147115,0.0
2025-10-01,2025,248388729,84696271,Balaklava,5.63,3.85,3.9,-0.08212036631219577,-0.0787903629821925,True,False,50,-0.000362418888656596,1.0
2025-10-04,2025,248503189,1495090,Morphettville,5.05,3.6,3.65,-0.07975797579757976,-0.07595280075952798,True,False,50,-0.003747115988949584,0.0
2025-10-04,2025,248503216,54738742,Morphettville,4.69,2.84,3.1,-0.13889305985164724,-0.1093610289565995,True,False,50,-0.003747115988949584,0.0
2025-10-11,2025,248793126,89669649,Murray Bridge,4.62,2.56,3.45,-0.17417478354978355,-0.07340485601355168,True,True,50,0.0016126554096164702,0.0
2025-10-19,2025,249196125,90008949,Halidon,6.65,4.55,4.4,-0.06940427993059572,-0.07689678742310321,False,False,50,-0.002911553137022571,0.0
2025-10-19,2025,249196137,40386336,Halidon,4.57,3.28,2.92,-0.0860596680365053,-0.12364737268067502,True,False,50,-0.002911553137022571,0.0
2025-10-22,2025,249343207,90180587,Strathalbyn,4.33,3.26,3.05,-0.07580158404057866,-0.09692197024192636,True,False,50,-0.002777671290212891,0.0
2025-10-26,2025,249532621,80398909,Clare,4.57,2.85,2.92,-0.13205881223847363,-0.12364737268067502,True,True,50,0.002838857931860783,0.0
2025-10-26,2025,249532633,90286175,Clare,4.24,3.54,3.25,-0.046636819102441135,-0.07184325108853415,False,True,50,0.002838857931860783,0.0
2025-10-29,2025,249695848,42011063,Murray Bridge,5.6,3.73,3.85,-0.08952508617387975,-0.08116883116883114,True,True,50,0.0076824291276273715,0.0
2025-11-01,2025,249831410,2605465,Morphettville,4.09,2.88,3.1,-0.10272344471610972,-0.07808186765517783,True,True,50,0.012344656655051967,0.0
2025-11-04,2025,249919279,80856213,Morphettville,7.85,3.4,3.9,-0.1667291120269764,-0.1290217213784093,True,True,50,0.01227625924494366,0.0
2025-11-12,2025,250366416,91027083,Balaklava,4.57,3.44,3.35,-0.07187929367462217,-0.07968908194258464,True,True,50,0.018820319078308334,0.0
2025-11-15,2025,250470466,54974209,Morphettville,4.97,3.65,3.55,-0.07276535927896141,-0.08048289738430583,True,True,50,0.018224232892362302,0.0
2025-11-15,2025,250470502,87767439,Morphettville,7.61,5.4,4.9,-0.05377914050712998,-0.072675587975006,False,True,50,0.018224232892362302,0.0
2025-11-15,2025,250470511,91115396,Morphettville,5.72,3.85,3.9,-0.08491508491508487,-0.0815850815850816,True,True,50,0.018224232892362302,0.0
2025-11-16,2025,250533327,91157401,Strathalbyn,4.87,3.02,3.1,-0.12578701877966197,-0.11724183612638273,True,True,50,0.017510697860682323,0.0
2025-11-16,2025,250533345,88376169,Strathalbyn,4.82,3.56,3.6,-0.07342999673644462,-0.07030889810972801,True,True,50,0.017510697860682323,1.0
2025-11-21,2025,250751513,79597431,Port Lincoln,5.94,3.7,4.1,-0.1019201019201019,-0.07555227067422193,True,True,50,0.013444597114566359,0.0
2025-11-28,2025,251024865,80329460,Mount Gambier,3.15,2.59,2.52,-0.06864006864006866,-0.07936507936507936,False,True,50,0.01327203646412789,0.0
2025-11-29,2025,251020868,907441,Morphettville,7.28,4.86,4.7,-0.06839867950979062,-0.07540332008417117,False,True,50,0.01327203646412789,0.0
2025-11-29,2025,251020904,72444296,Morphettville,6.8,4.2,4.4,-0.09103641456582631,-0.0802139037433155,True,True,50,0.01327203646412789,1.0
2025-12-03,2025,251214749,92087575,Balaklava,4.37,3.43,2.92,-0.06271223755929306,-0.11363280147957744,False,True,50,0.007784296018576553,0.0
2025-12-05,2025,251283277,90603936,Port Lincoln,5.98,3.4,3.7,-0.126893566791265,-0.1030461900027117,True,True,50,0.007784296018576553,0.0
2025-12-06,2025,251287334,63026461,Morphettville,6.1,3.55,3.55,-0.11775571461556222,-0.11775571461556222,True,True,50,0.012360300753142733,0.0
2025-12-06,2025,251287352,92161119,Morphettville,5.17,2.74,2.88,-0.1715399059707182,-0.15379862454330537,True,True,50,0.012360300753142733,0.0
2025-12-12,2025,251537454,4441129,Morphettville,4.45,3.16,2.78,-0.09173659507893611,-0.13499312909223188,True,True,50,0.013897673345781708,0.0
2025-12-14,2025,251603473,92207052,Bordertown,6.62,4.0,4.1,-0.09894259818731119,-0.09284503721170145,True,True,50,0.013916127816906099,0.0
2025-12-14,2025,251603491,50903137,Bordertown,4.77,2.64,3.15,-0.1691442729178578,-0.10781671159029646,True,True,50,0.013916127816906099,0.0
2025-12-17,2025,251719261,64795925,Port Lincoln,4.55,3.58,3.45,-0.05954938915832769,-0.07007485268354835,False,True,50,0.014662599857958258,1.0
2025-12-19,2025,251796912,92743438,Oakbank,3.5,2.27,2.58,-0.15481434864694776,-0.10188261351052047,True,True,50,0.014662599857958258,0.0
2025-12-31,2025,252161144,77613375,Port Lincoln,6.25,4.32,4.3,-0.07148148148148145,-0.07255813953488371,True,True,50,0.01568048742719283,0.0
2025-12-31,2025,252161162,77385805,Port Lincoln,6.15,3.57,3.65,-0.11751041880166702,-0.11137097672346585,True,True,50,0.01568048742719283,0.0
2026-01-01,2026_JAN_JUL,252194981,90008952,Murray Bridge,3.71,2.74,2.84,-0.09542172467389382,-0.08257089708059684,True,True,50,0.02087590445791157,0.0
2026-01-03,2026_JAN_JUL,252223811,79524106,Gawler,4.89,3.9,3.5,-0.051911278905143965,-0.08121530820917322,False,True,50,0.0212073569831292,0.0
2026-01-04,2026_JAN_JUL,252262062,93278706,Strathalbyn,4.66,3.93,3.4,-0.039860651530539803,-0.07952537238071195,False,True,50,0.0212073569831292,0.0
2026-01-10,2026_JAN_JUL,252447814,59684999,Murray Bridge,5.44,3.82,3.4,-0.07795657530027719,-0.11029411764705885,True,True,50,0.0212073569831292,0.0
2026-01-10,2026_JAN_JUL,252447850,83569031,Murray Bridge,3.25,2.47,2.56,-0.09716599190283398,-0.08293269230769229,True,True,50,0.0212073569831292,1.0
2026-01-11,2026_JAN_JUL,252519541,80130140,Port Lincoln,5.58,3.75,3.7,-0.08745519713261649,-0.09105880073622005,True,True,50,0.022659480683635352,0.0
2026-01-17,2026_JAN_JUL,252715430,78211705,Murray Bridge,3.59,2.92,2.7,-0.06391422139123132,-0.09181883833694415,False,True,50,0.025040192223667546,0.0
2026-01-21,2026_JAN_JUL,252939582,81562173,Oakbank,4.6,3.3,3.35,-0.08563899868247693,-0.08111615833874103,True,True,50,0.02452774786091988,0.0
2026-01-25,2026_JAN_JUL,253086174,90286954,Mount Gambier,4.78,3.19,3.35,-0.10427460290394935,-0.08930244176606505,True,True,50,0.02433588512775174,0.0
2026-01-31,2026_JAN_JUL,253304940,43692499,Morphettville,4.87,3.37,3.45,-0.09139709600960277,-0.08451626342886054,True,True,50,0.027992430935964152,0.0
2026-02-07,2026_JAN_JUL,253596567,94688054,Morphettville,3.83,2.59,2.8,-0.1250037803562608,-0.09604625139873185,True,True,50,0.028151221315880715,0.0
2026-02-07,2026_JAN_JUL,253596621,76934242,Morphettville,5.71,3.9,3.8,-0.0812789078988729,-0.08802654622545855,True,True,50,0.028151221315880715,0.0
2026-02-13,2026_JAN_JUL,253916456,39317905,Clare,6.73,3.28,3.95,-0.1562896386764759,-0.10457614685801339,True,True,50,0.030150797838336754,0.0
2026-02-19,2026_JAN_JUL,254175181,95263257,Kangaroo Island,3.5,2.59,2.48,-0.10038610038610041,-0.11751152073732724,True,True,50,0.03442164232666006,1.0
2026-02-19,2026_JAN_JUL,254175187,1200419,Kangaroo Island,6.23,3.85,4.2,-0.09922661608054864,-0.07758159443552701,True,True,50,0.03442164232666006,0.0
2026-02-27,2026_JAN_JUL,254496713,95514558,Port Lincoln,5.67,2.74,4.0,-0.18859666061612534,-0.07363315696649031,True,True,50,0.03136712843907405,0.0
2026-02-27,2026_JAN_JUL,254496749,3140017,Port Lincoln,5.92,4.28,3.7,-0.0647259408941652,-0.10135135135135132,False,True,50,0.03136712843907405,0.0
2026-03-07,2026_JAN_JUL,254776781,95879871,Murray Bridge,3.04,2.76,2.46,-0.033371472158657545,-0.07755669661959774,False,True,50,0.03286029350757312,1.0
2026-03-13,2026_JAN_JUL,255143155,95919115,Mount Gambier,4.41,3.3,3.3,-0.07627293341579058,-0.07627293341579058,True,True,50,0.03286029350757312,0.0
2026-03-14,2026_JAN_JUL,255136419,96180944,Morphettville,5.54,3.51,3.3,-0.10439486973783002,-0.12252488786784815,True,True,50,0.03216379628909945,0.0
2026-03-21,2026_JAN_JUL,255487791,89018830,Morphettville,4.74,3.2,3.5,-0.10152953586497893,-0.07474382157926462,True,True,50,0.029036740825017684,0.0
2026-03-25,2026_JAN_JUL,255705057,74264140,Strathalbyn,5.28,3.53,3.8,-0.09389217958623058,-0.0737639553429027,True,True,50,0.029466629280493345,1.0
2026-03-28,2026_JAN_JUL,255795071,96747232,Morphettville,5.48,3.65,3.9,-0.0914908509149085,-0.07392850458543893,True,True,50,0.026035512606078545,0.0
2026-03-29,2026_JAN_JUL,255880960,85181091,Port Lincoln,4.72,3.29,2.86,-0.09208696100149397,-0.13778594287068865,True,True,50,0.02559014127998624,0.0
2026-03-29,2026_JAN_JUL,255880966,73642864,Port Lincoln,7.43,4.23,4.5,-0.10181711736650023,-0.08763272020337967,True,True,50,0.02559014127998624,0.0
2026-04-04,2026_JAN_JUL,256169833,85320234,Clare,4.52,3.73,3.15,-0.04685757669221097,-0.09622137940722009,False,True,50,0.025871608807178148,0.0
2026-04-04,2026_JAN_JUL,256169845,74615683,Clare,5.14,3.5,3.3,-0.09116175653140632,-0.10847777384742366,True,True,50,0.025871608807178148,0.0
2026-04-05,2026_JAN_JUL,256220565,96772939,Penola,3.92,2.85,2.56,-0.09577515216612958,-0.13552295918367346,True,True,50,0.025514891632875597,0.0
2026-04-06,2026_JAN_JUL,256283707,86820501,Oakbank,4.82,3.1,3.55,-0.11511176549324054,-0.07422126117702066,True,True,50,0.028895629714173435,1.0
2026-04-11,2026_JAN_JUL,256478996,97211511,Morphettville,2.95,2.26,2.3,-0.1034948252587371,-0.0957995578481946,True,True,50,0.025030479985552495,0.0
2026-04-15,2026_JAN_JUL,256741588,97393522,Balaklava,5.73,3.1,3.3,-0.1480605753532624,-0.12851023322227512,True,True,50,0.025414187511700895,0.0
2026-04-15,2026_JAN_JUL,256741606,96747204,Balaklava,5.27,3.21,3.75,-0.12177315906766684,-0.0769133459835547,True,True,50,0.025414187511700895,1.0
2026-05-02,2026_JAN_JUL,257527852,75392023,Morphettville,6.38,4.67,4.3,-0.05739295040040812,-0.075818327622658,False,True,50,0.02428071787304001,0.0
2026-05-06,2026_JAN_JUL,257749518,91157409,Murray Bridge,5.27,3.31,3.35,-0.11236148294226567,-0.10875414200345518,True,True,50,0.024421542486352976,0.0
2026-05-06,2026_JAN_JUL,257749527,1106488,Murray Bridge,4.91,3.6,3.55,-0.07411178999773707,-0.07802415306502972,True,True,50,0.024421542486352976,0.0
2026-05-08,2026_JAN_JUL,257840896,50580896,Port Augusta,5.05,3.79,3.6,-0.0658324407638653,-0.07975797579757976,False,True,50,0.024652692036863294,0.0
2026-05-09,2026_JAN_JUL,257841286,97694802,Morphettville,5.85,4.0,4.0,-0.07905982905982906,-0.07905982905982906,True,True,50,0.024652692036863294,0.0
2026-05-16,2026_JAN_JUL,258147013,63324856,Morphettville,5.27,3.34,3.35,-0.10964787692167849,-0.10875414200345518,True,True,50,0.02426878440911985,0.0
2026-05-17,2026_JAN_JUL,258214726,58672009,Strathalbyn,6.22,3.72,4.1,-0.10804550012101094,-0.08313073484432595,True,True,50,0.023021894726677636,0.0
2026-05-20,2026_JAN_JUL,258326454,98643679,Balaklava,3.95,2.22,2.54,-0.19728589348842512,-0.1405362304395495,True,True,50,0.023156564468791316,1.0
2026-05-20,2026_JAN_JUL,258326472,67855236,Balaklava,7.13,4.14,4.5,-0.10129343930185447,-0.0819697678042699,True,True,50,0.023156564468791316,1.0
2026-05-23,2026_JAN_JUL,258407124,74537765,Murray Bridge,6.98,4.21,4.6,-0.09426321556670231,-0.07412482870312698,True,True,50,0.007708495895913214,0.0
2026-05-27,2026_JAN_JUL,258581879,98882876,Gawler,5.99,4.17,4.1,-0.07286324529691773,-0.07695753084408977,True,True,50,0.007154352908838507,1.0
2026-05-30,2026_JAN_JUL,258650245,72641874,Morphettville,3.94,2.6,2.82,-0.13080827801639983,-0.10080282247902944,True,True,50,0.00413781539394531,1.0
2026-06-07,2026_JAN_JUL,258891739,47841815,Port Augusta,5.13,2.86,3.4,-0.15471857577120737,-0.09918587317968122,True,True,50,0.003077629153095479,0.0
2026-06-21,2026_JAN_JUL,259280496,99769845,Port Augusta,5.09,3.35,3.55,-0.10204380846259856,-0.08522648662110185,True,True,50,0.00430548156915897,0.0
2026-06-26,2026_JAN_JUL,259424541,99242909,Balaklava,4.63,2.91,3.15,-0.1276598903015594,-0.10147759607802803,True,True,50,0.004262656490869904,0.0
2026-06-27,2026_JAN_JUL,259424403,96146815,Morphettville,4.33,3.15,3.3,-0.08651343524322738,-0.07208342081321298,True,True,50,0.009121686271108681,0.0
2026-07-05,2026_JAN_JUL,259692802,83676776,Port Augusta,4.55,4.1,3.4,-0.02412221924417049,-0.07433742727860376,False,True,50,0.009179210379261171,1.0
2026-07-12,2026_JAN_JUL,259895989,99398623,Mount Gambier,3.68,2.42,2.18,-0.14148401006108519,-0.1869764658954926,True,True,50,0.009168312657179739,0.0
2026-07-15,2026_JAN_JUL,259996681,92966032,Balaklava,5.14,3.13,3.2,-0.12493628870849441,-0.11794747081712062,True,True,50,0.009488495421500792,0.0
2026-07-17,2026_JAN_JUL,260071843,100693616,Murray Bridge,4.66,2.94,3.2,-0.1255437797436571,-0.0979077253218884,True,True,50,0.010071439177205072,1.0
2026-07-17,2026_JAN_JUL,260071867,78432320,Murray Bridge,7.17,5.7,4.5,-0.03596858254422666,-0.08275220827522081,False,True,50,0.010071439177205072,0.0
2026-07-18,2026_JAN_JUL,260072910,87676736,Morphettville,5.49,3.95,3.65,-0.07101519448479396,-0.0918232402624947,True,True,50,0.0057758052735254195,0.0
2026-07-24,2026_JAN_JUL,260297407,100920037,Naracoorte,5.77,3.25,3.35,-0.1343820823890148,-0.12519723738327423,True,True,50,0.004520666670873058,0.0
