date,period,market_id,selection_id,track,bsp,win,block_id,past_trusted,net_5pct,net_7pct,liability
2023-04-19,2023,213017749,42879288,Balaklava,4.3,1.0,0,False,-3.3,-3.3,3.3
2023-04-22,2023,213117195,50658234,Morphettville,2.945492006,1.0,0,False,-1.9454920059999998,-1.9454920059999998,1.9454920059999998
2023-04-22,2023,213117201,51032419,Morphettville,4.496880812,0.0,0,False,0.95,0.9299999999999999,3.4968808119999997
2023-04-22,2023,213117207,54935729,Morphettville,3.484784091,1.0,0,False,-2.484784091,-2.484784091,2.484784091
2023-04-22,2023,213117243,38256261,Morphettville,2.747141824,0.0,0,False,0.95,0.9299999999999999,1.7471418239999998
2023-04-29,2023,213430199,55205987,Morphettville,2.525189379,1.0,0,False,-1.525189379,-1.525189379,1.525189379
2023-04-29,2023,213430211,38678041,Morphettville,4.522587104,0.0,0,False,0.95,0.9299999999999999,3.5225871040000003
2023-04-29,2023,213430229,51936162,Morphettville,4.2,0.0,0,False,0.95,0.9299999999999999,3.2
2023-04-30,2023,213513586,55244095,Naracoorte,2.914534841,0.0,0,False,0.95,0.9299999999999999,1.914534841
2023-05-06,2023,213735835,51178187,Morphettville,2.783348588,0.0,0,False,0.95,0.9299999999999999,1.783348588
2023-05-06,2023,213744432,2393090,Morphettville,3.530085418,1.0,0,False,-2.530085418,-2.530085418,2.530085418
2023-05-07,2023,213814231,8535675,Port Augusta,3.623395179,1.0,0,False,-2.623395179,-2.623395179,2.623395179
2023-05-10,2023,213953418,51454747,Balaklava,4.978330994,0.0,0,False,0.95,0.9299999999999999,3.9783309940000002
2023-05-10,2023,213953424,53088525,Balaklava,5.789110945,1.0,0,False,-4.789110945,-4.789110945,4.789110945
2023-05-10,2023,213953430,55713773,Balaklava,3.172544259,1.0,0,False,-2.172544259,-2.172544259,2.172544259
2023-05-12,2023,214041471,45737074,Bordertown,3.588269849,1.0,0,False,-2.588269849,-2.588269849,2.588269849
2023-05-13,2023,214043552,55781628,Morphettville,2.921049129,0.0,0,False,0.95,0.9299999999999999,1.921049129
2023-05-17,2023,214261217,54173991,Gawler,4.400794189,0.0,0,False,0.95,0.9299999999999999,3.400794189
2023-05-17,2023,214261223,55978189,Gawler,2.48,1.0,0,False,-1.48,-1.48,1.48
2023-05-19,2023,214341814,43184805,Port Augusta,2.86035657,0.0,0,False,0.95,0.9299999999999999,1.86035657
2023-05-20,2023,214339972,54670691,Morphettville,3.132065684,1.0,1,False,-2.132065684,-2.132065684,2.132065684
2023-05-20,2023,214339984,3272298,Morphettville,3.416828476,0.0,1,False,0.95,0.9299999999999999,2.416828476
2023-05-20,2023,214340002,56053679,Morphettville,3.1,1.0,1,False,-2.1,-2.1,2.1
2023-05-21,2023,214418032,56090156,Strathalbyn,2.1,0.0,1,False,0.95,0.9299999999999999,1.1
2023-05-24,2023,214522934,46790801,Balaklava,3.079268484,0.0,1,False,0.95,0.9299999999999999,2.079268484
2023-05-27,2023,214591703,50658234,Murray Bridge,3.396046923,0.0,1,False,0.95,0.9299999999999999,2.396046923
2023-05-27,2023,214591721,56321547,Murray Bridge,4.6,1.0,1,False,-3.5999999999999996,-3.5999999999999996,3.5999999999999996
2023-05-27,2023,214591727,46108818,Murray Bridge,4.280619581,0.0,1,False,0.95,0.9299999999999999,3.280619581
2023-05-28,2023,214670364,24795803,Mount Gambier,3.371874203,0.0,1,False,0.95,0.9299999999999999,2.371874203
2023-06-07,2023,214995662,56807369,Gawler,2.92,0.0,1,False,0.95,0.9299999999999999,1.92
2023-06-07,2023,214995668,700755,Gawler,4.343064296,0.0,1,False,0.95,0.9299999999999999,3.3430642959999997
2023-06-07,2023,214995674,2907895,Gawler,3.325524299,0.0,1,False,0.95,0.9299999999999999,2.325524299
2023-06-10,2023,215061295,56872631,Morphettville,3.094670075,0.0,1,False,0.95,0.9299999999999999,2.094670075
2023-06-10,2023,215061319,50528451,Morphettville,3.35,1.0,1,False,-2.35,-2.35,2.35
2023-06-10,2023,215061331,56872651,Morphettville,2.842556772,0.0,1,False,0.95,0.9299999999999999,1.842556772
2023-06-11,2023,215104253,36672999,Port Augusta,3.643712397,0.0,1,False,0.95,0.9299999999999999,2.643712397
2023-06-11,2023,215104265,39233067,Port Augusta,5.181248237,0.0,1,False,0.95,0.9299999999999999,4.181248237
2023-06-12,2023,215130069,48198611,Murray Bridge,3.057805381,1.0,1,False,-2.057805381,-2.057805381,2.057805381
2023-06-12,2023,215130087,51414251,Murray Bridge,4.632476315,1.0,1,False,-3.632476315,-3.632476315,3.632476315
2023-06-14,2023,215193736,57047248,Balaklava,3.039913728,1.0,1,False,-2.039913728,-2.039913728,2.039913728
2023-06-14,2023,215193754,42087628,Balaklava,2.654064751,1.0,1,False,-1.654064751,-1.654064751,1.654064751
2023-06-17,2023,215229723,46652562,Murray Bridge,3.428640173,0.0,2,False,0.95,0.9299999999999999,2.428640173
2023-06-18,2023,215270331,56838026,Mount Gambier,4.659553962,0.0,2,False,0.95,0.9299999999999999,3.6595539620000004
2023-06-18,2023,215270337,57147929,Mount Gambier,3.224205916,0.0,2,False,0.95,0.9299999999999999,2.224205916
2023-06-18,2023,215270349,57147939,Mount Gambier,3.2,1.0,2,False,-2.2,-2.2,2.2
2023-06-18,2023,215270355,5452046,Mount Gambier,3.05,0.0,2,False,0.95,0.9299999999999999,2.05
2023-06-18,2023,215270367,15935169,Mount Gambier,5.003940025,0.0,2,False,0.95,0.9299999999999999,4.003940025
2023-06-24,2023,215405515,57377741,Morphettville,3.423892696,0.0,2,False,0.95,0.9299999999999999,2.423892696
2023-06-28,2023,215533339,46472307,Balaklava,3.375665849,1.0,2,False,-2.375665849,-2.375665849,2.375665849
2023-07-01,2023,215594703,57625479,Murray Bridge,3.20823598,0.0,2,False,0.95,0.9299999999999999,2.20823598
2023-07-01,2023,215594721,36318937,Murray Bridge,4.865653284,0.0,2,False,0.95,0.9299999999999999,3.8656532840000004
2023-07-08,2023,215804753,25178987,Gawler,2.981466951,1.0,2,False,-1.9814669509999998,-1.9814669509999998,1.9814669509999998
2023-07-09,2023,215866523,40050597,Port Augusta,2.006995462,0.0,2,False,0.95,0.9299999999999999,1.006995462
2023-07-09,2023,215866541,46159623,Port Augusta,2.887959943,0.0,2,False,0.95,0.9299999999999999,1.8879599429999998
2023-07-09,2023,215866565,38980578,Port Augusta,2.800475936,0.0,2,False,0.95,0.9299999999999999,1.8004759360000002
2023-07-12,2023,215947667,39456968,Murray Bridge,3.65,0.0,2,False,0.95,0.9299999999999999,2.65
2023-07-15,2023,216006570,27391752,Morphettville,3.719905145,0.0,2,False,0.95,0.9299999999999999,2.719905145
2023-07-15,2023,216006612,48872088,Morphettville,5.104850424,0.0,2,False,0.95,0.9299999999999999,4.104850424
2023-07-22,2023,216205078,58371151,Morphettville,3.411406442,1.0,2,False,-2.411406442,-2.411406442,2.411406442
2023-07-22,2023,216205108,46055951,Morphettville,2.537578854,1.0,2,False,-1.537578854,-1.537578854,1.537578854
2023-07-26,2023,216357026,58569492,Murray Bridge,4.784533315,0.0,2,False,0.95,0.9299999999999999,3.784533315
2023-07-29,2023,216415603,58635344,Morphettville,2.611297544,0.0,3,False,0.95,0.9299999999999999,1.6112975440000001
2023-07-29,2023,216415639,53407810,Morphettville,6.004913523,0.0,3,False,0.95,0.9299999999999999,5.004913523
2023-07-30,2023,216475037,44161280,Balaklava,3.3,0.0,3,False,0.95,0.9299999999999999,2.3
2023-08-02,2023,216592430,45301227,Gawler,3.211414823,1.0,3,False,-2.211414823,-2.211414823,2.211414823
2023-08-02,2023,216592436,48615148,Gawler,3.6,0.0,3,False,0.95,0.9299999999999999,2.6
2023-08-05,2023,216665596,58882642,Murray Bridge,3.2,0.0,3,False,0.95,0.9299999999999999,2.2
2023-08-05,2023,216665608,43837582,Murray Bridge,3.45,0.0,3,False,0.95,0.9299999999999999,2.45
2023-08-19,2023,217171544,59415268,Morphettville,2.37843307,1.0,3,False,-1.3784330699999998,-1.3784330699999998,1.3784330699999998
2023-08-19,2023,217171550,59415275,Morphettville,3.291813008,0.0,3,False,0.95,0.9299999999999999,2.291813008
2023-08-19,2023,217171568,45690721,Morphettville,2.692512528,1.0,3,False,-1.692512528,-1.692512528,1.692512528
2023-08-23,2023,217373141,59620465,Murray Bridge,2.034735152,1.0,3,False,-1.034735152,-1.034735152,1.034735152
2023-08-23,2023,217373153,57305580,Murray Bridge,4.4,0.0,3,False,0.95,0.9299999999999999,3.4000000000000004
2023-08-23,2023,217373159,6413305,Murray Bridge,4.388781022,0.0,3,False,0.95,0.9299999999999999,3.388781022
2023-08-26,2023,217459016,59684607,Morphettville,2.507024,0.0,3,False,0.95,0.9299999999999999,1.507024
2023-08-26,2023,217459034,48401524,Morphettville,4.130596274,1.0,3,False,-3.130596274,-3.130596274,3.130596274
2023-08-26,2023,217459040,59684622,Morphettville,3.365630661,0.0,3,False,0.95,0.9299999999999999,2.365630661
2023-08-26,2023,217459052,41589650,Morphettville,3.95,1.0,3,False,-2.95,-2.95,2.95
2023-08-27,2023,217546933,47462538,Port Augusta,3.906182633,0.0,3,False,0.95,0.9299999999999999,2.906182633
2023-08-30,2023,217653986,59887526,Mount Gambier,2.820788148,0.0,3,False,0.95,0.9299999999999999,1.820788148
2023-08-30,2023,217653998,59453510,Mount Gambier,2.596236829,0.0,3,False,0.95,0.9299999999999999,1.596236829
2023-09-02,2023,217738943,42711068,Morphettville,3.838371987,0.0,4,False,0.95,0.9299999999999999,2.838371987
2023-09-02,2023,217738961,48908180,Morphettville,3.65,1.0,4,False,-2.65,-2.65,2.65
2023-09-06,2023,217913920,60151651,Murray Bridge,3.3,0.0,4,False,0.95,0.9299999999999999,2.3
2023-09-13,2023,218166812,19276971,Balaklava,3.511269647,0.0,4,False,0.95,0.9299999999999999,2.511269647
2023-09-16,2023,218247165,60490253,Morphettville,3.023844783,0.0,4,False,0.95,0.9299999999999999,2.023844783
2023-09-20,2023,218447917,60695771,Strathalbyn,3.121904869,1.0,4,False,-2.121904869,-2.121904869,2.121904869
2023-09-20,2023,218447923,5130110,Strathalbyn,4.896931447,1.0,4,False,-3.896931447,-3.896931447,3.896931447
2023-09-23,2023,218547344,50353567,Morphettville,2.412105878,1.0,4,False,-1.4121058780000002,-1.4121058780000002,1.4121058780000002
2023-09-24,2023,218630977,47462549,Mount Gambier,3.3,0.0,4,False,0.95,0.9299999999999999,2.3
2023-09-27,2023,218782910,60987278,Murray Bridge,4.284140944,0.0,4,False,0.95,0.9299999999999999,3.284140944
2023-09-27,2023,218782916,60987289,Murray Bridge,3.232190601,1.0,4,False,-2.232190601,-2.232190601,2.232190601
2023-09-27,2023,218782922,42560916,Murray Bridge,2.583103708,0.0,4,False,0.95,0.9299999999999999,1.5831037079999999
2023-09-30,2023,218893483,42169395,Morphettville,3.0,0.0,4,False,0.95,0.9299999999999999,2.0
2023-10-06,2023,219227987,60528396,Morphettville,4.10611488,0.0,4,False,0.95,0.9299999999999999,3.10611488
2023-10-06,2023,219228011,61336731,Morphettville,3.2244989,0.0,4,False,0.95,0.9299999999999999,2.2244989
2023-10-07,2023,219235095,61337569,Murray Bridge,2.973771486,0.0,4,False,0.95,0.9299999999999999,1.973771486
2023-10-08,2023,219321980,61068583,Strathalbyn,3.608329628,0.0,4,False,0.95,0.9299999999999999,2.608329628
2023-10-11,2023,219466403,61522441,Mount Gambier,3.12,0.0,4,False,0.95,0.9299999999999999,2.12
2023-10-11,2023,219466415,39689711,Mount Gambier,3.25,0.0,4,False,0.95,0.9299999999999999,2.25
2023-10-11,2023,219466433,61522456,Mount Gambier,3.88,1.0,4,False,-2.88,-2.88,2.88
2023-10-18,2023,219799095,60987296,Balaklava,2.53,1.0,5,False,-1.5299999999999998,-1.5299999999999998,1.5299999999999998
2023-10-18,2023,219799119,51735683,Balaklava,4.43,0.0,5,False,0.95,0.9299999999999999,3.4299999999999997
2023-10-21,2023,219890114,5331522,Morphettville,3.4,1.0,5,False,-2.4,-2.4,2.4
2023-10-22,2023,219964432,61861098,Naracoorte,2.55,0.0,5,False,0.95,0.9299999999999999,1.5499999999999998
2023-10-22,2023,219964456,61861122,Naracoorte,3.91,0.0,5,False,0.95,0.9299999999999999,2.91
2023-10-25,2023,220115324,62032528,Port Lincoln,2.76,1.0,5,False,-1.7599999999999998,-1.7599999999999998,1.7599999999999998
2023-10-25,2023,220115371,28101890,Port Lincoln,3.69,1.0,5,False,-2.69,-2.69,2.69
2023-10-27,2023,220214470,53914046,Gawler,2.22,1.0,5,False,-1.2200000000000002,-1.2200000000000002,1.2200000000000002
2023-10-27,2023,220214494,17758921,Gawler,2.76,0.0,5,False,0.95,0.9299999999999999,1.7599999999999998
2023-10-27,2023,220214500,62063850,Gawler,2.53,0.0,5,False,0.95,0.9299999999999999,1.5299999999999998
2023-10-28,2023,220213506,62097623,Morphettville,3.05,1.0,5,False,-2.05,-2.05,2.05
2023-10-28,2023,220213518,37173191,Morphettville,3.41,0.0,5,False,0.95,0.9299999999999999,2.41
2023-10-28,2023,220213530,62097627,Morphettville,2.78,0.0,5,False,0.95,0.9299999999999999,1.7799999999999998
2023-10-29,2023,220299576,62135322,Bordertown,3.14,0.0,5,False,0.95,0.9299999999999999,2.14
2023-11-01,2023,220482924,55978173,Strathalbyn,3.44,0.0,5,False,0.95,0.9299999999999999,2.44
2023-11-04,2023,220593277,41006122,Morphettville,2.91,0.0,5,False,0.95,0.9299999999999999,1.9100000000000001
2023-11-07,2023,220684493,36709969,Morphettville,3.6,1.0,5,False,-2.6,-2.6,2.6
2023-11-07,2023,220684500,62432418,Morphettville,3.91,0.0,5,False,0.95,0.9299999999999999,2.91
2023-11-09,2023,220909124,62591835,Gawler,3.47,0.0,5,False,0.95,0.9299999999999999,2.47
2023-11-11,2023,220954335,44966280,Morphettville,3.91,0.0,5,False,0.95,0.9299999999999999,2.91
2023-11-12,2023,221054267,50353596,Naracoorte,3.08,0.0,6,False,0.95,0.9299999999999999,2.08
2023-11-15,2023,221214456,62788604,Murray Bridge,3.67,0.0,6,False,0.95,0.9299999999999999,2.67
2023-11-15,2023,221214462,49914335,Murray Bridge,3.38,1.0,6,False,-2.38,-2.38,2.38
2023-11-18,2023,221299204,42845191,Morphettville,2.97,1.0,6,False,-1.9700000000000002,-1.9700000000000002,1.9700000000000002
2023-11-18,2023,221299210,25573692,Morphettville,2.92,1.0,6,False,-1.92,-1.92,1.92
2023-11-22,2023,221513033,2301736,Balaklava,2.24,0.0,6,False,0.95,0.9299999999999999,1.2400000000000002
2023-11-22,2023,221513039,2066639,Balaklava,3.41,0.0,6,False,0.95,0.9299999999999999,2.41
2023-11-22,2023,221513063,63025811,Balaklava,3.87,0.0,6,False,0.95,0.9299999999999999,2.87
2023-11-25,2023,221601751,63084162,Morphettville,4.25,0.0,6,False,0.95,0.9299999999999999,3.25
2023-11-25,2023,221601769,62432411,Morphettville,3.42,0.0,6,False,0.95,0.9299999999999999,2.42
2023-11-26,2023,221680001,43837587,Port Lincoln,3.18,0.0,6,False,0.95,0.9299999999999999,2.18
2023-11-29,2023,221805149,63296615,Gawler,2.37,1.0,6,False,-1.37,-1.37,1.37
2023-12-01,2023,221906479,52670370,Mount Gambier,3.12,0.0,6,False,0.95,0.9299999999999999,2.12
2023-12-02,2023,221908128,28092503,Morphettville,3.63,0.0,6,False,0.95,0.9299999999999999,2.63
2023-12-02,2023,221908140,44562803,Morphettville,2.9,0.0,6,False,0.95,0.9299999999999999,1.9
2023-12-03,2023,221996132,51177968,Clare,3.51,1.0,6,False,-2.51,-2.51,2.51
2023-12-06,2023,222130301,63551727,Balaklava,2.79,1.0,6,False,-1.79,-1.79,1.79
2023-12-08,2023,222212769,52696634,Port Lincoln,2.08,0.0,6,False,0.95,0.9299999999999999,1.08
2023-12-09,2023,222217257,3683165,Morphettville,2.13,1.0,6,False,-1.13,-1.13,1.13
2023-12-09,2023,222217313,53914046,Morphettville,2.56,0.0,6,False,0.95,0.9299999999999999,1.56
2023-12-10,2023,222290805,48198618,Murray Bridge,3.05,0.0,7,False,0.95,0.9299999999999999,2.05
2023-12-10,2023,222290817,41234140,Murray Bridge,2.94,1.0,7,False,-1.94,-1.94,1.94
2023-12-10,2023,222290823,42070143,Murray Bridge,2.78,1.0,7,False,-1.7799999999999998,-1.7799999999999998,1.7799999999999998
2023-12-17,2023,222566935,55244088,Bordertown,3.01,0.0,7,False,0.95,0.9299999999999999,2.01
2023-12-20,2023,222668458,41946419,Port Lincoln,3.13,1.0,7,False,-2.13,-2.13,2.13
2023-12-20,2023,222668507,26609695,Port Lincoln,4.8,0.0,7,False,0.95,0.9299999999999999,3.8
2023-12-22,2023,222758655,63296614,Oakbank,3.8,0.0,7,False,0.95,0.9299999999999999,2.8
2023-12-22,2023,222758661,43035149,Oakbank,3.89,1.0,7,False,-2.89,-2.89,2.89
2023-12-23,2023,222759649,64121563,Murray Bridge,3.79,0.0,7,False,0.95,0.9299999999999999,2.79
2023-12-26,2023,222816446,4318976,Morphettville,2.84,1.0,7,False,-1.8399999999999999,-1.8399999999999999,1.8399999999999999
2023-12-26,2023,222816488,56357607,Morphettville,3.71,0.0,7,False,0.95,0.9299999999999999,2.71
2023-12-26,2023,222816495,49683458,Morphettville,3.23,1.0,7,False,-2.23,-2.23,2.23
2023-12-29,2023,222949134,28453355,Naracoorte,3.36,0.0,7,False,0.95,0.9299999999999999,2.36
2023-12-30,2023,222949221,29060402,Morphettville,3.07,0.0,7,False,0.95,0.9299999999999999,2.07
2023-12-30,2023,222949242,64319046,Morphettville,3.25,1.0,7,False,-2.25,-2.25,2.25
2023-12-30,2023,222949249,54866901,Morphettville,3.43,0.0,7,False,0.95,0.9299999999999999,2.43
2023-12-31,2023,223007776,3592980,Port Lincoln,3.37,0.0,7,False,0.95,0.9299999999999999,2.37
2024-01-01,2024,223041251,39969388,Murray Bridge,3.55,0.0,7,False,0.95,0.9299999999999999,2.55
2024-01-01,2024,223041281,27202684,Murray Bridge,4.3,0.0,7,False,0.95,0.9299999999999999,3.3
2024-01-03,2024,223108719,61932211,Mount Gambier,4.3,0.0,7,False,0.95,0.9299999999999999,3.3
2024-01-13,2024,223400380,64763099,Murray Bridge,3.07,1.0,8,False,-2.07,-2.07,2.07
2024-01-13,2024,223400394,63363895,Murray Bridge,3.25,0.0,8,False,0.95,0.9299999999999999,2.25
2024-01-17,2024,223597968,62097618,Oakbank,3.43,0.0,8,False,0.95,0.9299999999999999,2.43
2024-01-20,2024,223680071,58371168,Gawler,4.17,1.0,8,False,-3.17,-3.17,3.17
2024-01-24,2024,223873988,65204356,Port Lincoln,2.91,1.0,8,False,-1.9100000000000001,-1.9100000000000001,1.9100000000000001
2024-01-24,2024,223874030,28223906,Port Lincoln,3.49,0.0,8,False,0.95,0.9299999999999999,2.49
2024-01-26,2024,223940806,28369290,Murray Bridge,3.8,0.0,8,False,0.95,0.9299999999999999,2.8
2024-01-27,2024,223945527,54404318,Morphettville,3.84,0.0,8,False,0.95,0.9299999999999999,2.84
2024-01-31,2024,224159190,64493823,Mount Gambier,4.63,0.0,8,False,0.95,0.9299999999999999,3.63
2024-02-02,2024,224242571,42154673,Strathalbyn,3.1,0.0,8,False,0.95,0.9299999999999999,2.1
2024-02-03,2024,224244794,41397875,Morphettville,3.67,1.0,8,False,-2.67,-2.67,2.67
2024-02-03,2024,224244800,62869211,Morphettville,3.74,0.0,8,False,0.95,0.9299999999999999,2.74
2024-02-05,2024,224414622,65557298,Balaklava,3.65,0.0,8,False,0.95,0.9299999999999999,2.65
2024-02-05,2024,224414634,42844816,Balaklava,3.6,1.0,8,False,-2.6,-2.6,2.6
2024-02-07,2024,224462590,65732189,Murray Bridge,3.28,1.0,8,False,-2.28,-2.28,2.28
2024-02-07,2024,224462597,65732195,Murray Bridge,3.4,0.0,8,False,0.95,0.9299999999999999,2.4
2024-02-09,2024,224548251,28435290,Oakbank,2.62,0.0,8,False,0.95,0.9299999999999999,1.62
2024-02-09,2024,224548263,65787401,Oakbank,3.17,0.0,8,False,0.95,0.9299999999999999,2.17
2024-02-09,2024,224548275,63402164,Oakbank,3.29,1.0,8,False,-2.29,-2.29,2.29
2024-02-10,2024,224549873,65787517,Morphettville,4.27,0.0,8,False,0.95,0.9299999999999999,3.2699999999999996
2024-02-10,2024,224549887,50005811,Morphettville,2.89,1.0,8,False,-1.8900000000000001,-1.8900000000000001,1.8900000000000001
2024-02-11,2024,224626092,42087626,Naracoorte,2.66,1.0,9,False,-1.6600000000000001,-1.6600000000000001,1.6600000000000001
2024-02-11,2024,224626098,65823313,Naracoorte,3.1,0.0,9,False,0.95,0.9299999999999999,2.1
2024-02-14,2024,224779856,65260446,Gawler,2.69,0.0,9,False,0.95,0.9299999999999999,1.69
2024-02-14,2024,224779868,49513072,Gawler,2.8,1.0,9,False,-1.7999999999999998,-1.7999999999999998,1.7999999999999998
2024-02-15,2024,224823218,43668984,Kangaroo Island,3.15,0.0,9,False,0.95,0.9299999999999999,2.15
2024-02-17,2024,224862965,55494162,Morphettville,2.4,0.0,9,False,0.95,0.9299999999999999,1.4
2024-02-17,2024,224862979,38515269,Morphettville,3.18,0.0,9,False,0.95,0.9299999999999999,2.18
2024-02-17,2024,224899858,399174,Kangaroo Island,2.66,1.0,9,False,-1.6600000000000001,-1.6600000000000001,1.6600000000000001
2024-02-17,2024,224899864,5054130,Kangaroo Island,2.77,0.0,9,False,0.95,0.9299999999999999,1.77
2024-02-18,2024,224931218,66069569,Port Lincoln,3.55,0.0,9,False,0.95,0.9299999999999999,2.55
2024-02-21,2024,225072483,700755,Strathalbyn,3.18,0.0,9,False,0.95,0.9299999999999999,2.18
2024-02-21,2024,225072504,64795921,Strathalbyn,3.97,1.0,9,False,-2.97,-2.97,2.97
2024-02-21,2024,225072511,66239940,Strathalbyn,3.57,1.0,9,False,-2.57,-2.57,2.57
2024-03-02,2024,225458087,65787501,Morphettville,2.87,1.0,9,False,-1.87,-1.87,1.87
2024-03-02,2024,225458101,40658515,Morphettville,3.4,0.0,9,False,0.95,0.9299999999999999,2.4
2024-03-02,2024,225458129,66543159,Morphettville,3.03,1.0,9,False,-2.03,-2.03,2.03
2024-03-02,2024,225458136,66543162,Morphettville,2.61,1.0,9,False,-1.6099999999999999,-1.6099999999999999,1.6099999999999999
2024-03-06,2024,225684395,7141288,Balaklava,3.46,0.0,9,False,0.95,0.9299999999999999,2.46
2024-03-06,2024,225684409,51982365,Balaklava,2.62,1.0,9,False,-1.62,-1.62,1.62
2024-03-09,2024,225792969,66790051,Murray Bridge,3.28,0.0,9,False,0.95,0.9299999999999999,2.28
2024-03-09,2024,225793004,66790075,Murray Bridge,3.2,0.0,9,False,0.95,0.9299999999999999,2.2
2024-03-10,2024,225886878,53407694,Clare,3.5,1.0,10,False,-2.5,-2.5,2.5
2024-03-10,2024,225886890,50379679,Clare,3.5,0.0,10,False,0.95,0.9299999999999999,2.5
2024-03-11,2024,225849589,51784036,Morphettville,3.13,1.0,10,False,-2.13,-2.13,2.13
2024-03-13,2024,226031743,58813797,Strathalbyn,2.32,0.0,10,False,0.95,0.9299999999999999,1.3199999999999998
2024-03-13,2024,226031764,50997552,Strathalbyn,3.25,0.0,10,False,0.95,0.9299999999999999,2.25
2024-03-13,2024,226031771,64205945,Strathalbyn,2.83,0.0,10,False,0.95,0.9299999999999999,1.83
2024-03-22,2024,226413720,67289356,Mount Gambier,2.16,1.0,10,False,-1.1600000000000001,-1.1600000000000001,1.1600000000000001
2024-03-22,2024,226413732,45942762,Mount Gambier,3.21,0.0,10,False,0.95,0.9299999999999999,2.21
2024-03-22,2024,226413750,38276525,Mount Gambier,2.98,0.0,10,False,0.95,0.9299999999999999,1.98
2024-03-23,2024,226414104,9521371,Morphettville,2.98,1.0,10,False,-1.98,-1.98,1.98
2024-03-27,2024,226646606,1405464,Strathalbyn,3.98,1.0,10,False,-2.98,-2.98,2.98
2024-03-27,2024,226646634,57305565,Strathalbyn,3.23,0.0,10,False,0.95,0.9299999999999999,2.23
2024-03-30,2024,226736666,60490286,Oakbank,2.8,0.0,10,False,0.95,0.9299999999999999,1.7999999999999998
2024-03-30,2024,226736673,42571687,Oakbank,2.9,1.0,10,False,-1.9,-1.9,1.9
2024-03-30,2024,226736680,67530884,Oakbank,2.87,1.0,10,False,-1.87,-1.87,1.87
2024-03-30,2024,226736694,54670688,Oakbank,3.74,0.0,10,False,0.95,0.9299999999999999,2.74
2024-03-30,2024,226736701,53751273,Oakbank,4.24,1.0,10,False,-3.24,-3.24,3.24
2024-03-30,2024,226779846,67530633,Clare,2.02,1.0,10,False,-1.02,-1.02,1.02
2024-03-31,2024,226829115,65260443,Penola,3.47,0.0,10,False,0.95,0.9299999999999999,2.47
2024-04-01,2024,226730262,630430,Oakbank,3.83,0.0,10,False,0.95,0.9299999999999999,2.83
2024-04-03,2024,226958616,4827507,Murray Bridge,3.66,1.0,11,False,-2.66,-2.66,2.66
2024-04-03,2024,226958644,63296615,Murray Bridge,4.3,0.0,11,False,0.95,0.9299999999999999,3.3
2024-04-06,2024,227057048,67855175,Morphettville,3.45,0.0,11,False,0.95,0.9299999999999999,2.45
2024-04-10,2024,227312862,68063568,Gawler,2.94,0.0,11,False,0.95,0.9299999999999999,1.94
2024-04-13,2024,227403514,64205535,Morphettville,2.92,0.0,11,False,0.95,0.9299999999999999,1.92
2024-04-13,2024,227403549,66790418,Morphettville,3.22,0.0,11,False,0.95,0.9299999999999999,2.22
2024-04-24,2024,227955350,68569513,Mount Gambier,2.6,1.0,11,False,-1.6,-1.6,1.6
2024-04-25,2024,228003638,4398768,Gawler,3.77,1.0,11,False,-2.77,-2.77,2.77
2024-04-28,2024,228146731,61791107,Strathalbyn,2.34,0.0,11,False,0.95,0.9299999999999999,1.3399999999999999
2024-05-04,2024,228372821,48198693,Morphettville,2.99,0.0,11,False,0.95,0.9299999999999999,1.9900000000000002
2024-05-04,2024,228372856,68890283,Morphettville,3.05,1.0,11,False,-2.05,-2.05,2.05
2024-05-08,2024,228579903,53882874,Gawler,2.12,1.0,11,False,-1.12,-1.12,1.12
2024-05-08,2024,228579924,69066733,Gawler,2.32,0.0,11,False,0.95,0.9299999999999999,1.3199999999999998
2024-05-08,2024,228579931,51936167,Gawler,2.53,0.0,11,False,0.95,0.9299999999999999,1.5299999999999998
2024-05-15,2024,228882885,69322908,Murray Bridge,4.6,0.0,11,False,0.95,0.9299999999999999,3.5999999999999996
2024-05-17,2024,228960957,37173712,Port Augusta,3.12,0.0,11,False,0.95,0.9299999999999999,2.12
2024-05-25,2024,229233968,69641810,Murray Bridge,2.83,0.0,11,False,0.95,0.9299999999999999,1.83
2024-05-31,2024,229466388,22636222,Port Augusta,2.9,0.0,11,False,0.95,0.9299999999999999,1.9
2024-05-31,2024,229466394,2779205,Port Augusta,3.6,0.0,11,False,0.95,0.9299999999999999,2.6
2024-06-01,2024,229470763,68450227,Morphettville,3.95,0.0,11,False,0.95,0.9299999999999999,2.95
2024-06-02,2024,229522150,69322915,Penola,1.93,1.0,12,False,-0.9299999999999999,-0.9299999999999999,0.9299999999999999
2024-06-09,2024,229700326,26222525,Port Augusta,3.85,0.0,12,False,0.95,0.9299999999999999,2.85
2024-06-09,2024,229700344,41119955,Port Augusta,4.4,0.0,12,False,0.95,0.9299999999999999,3.4000000000000004
2024-06-12,2024,229786599,64575162,Mount Gambier,3.79,0.0,12,False,0.95,0.9299999999999999,2.79
2024-06-19,2024,229946861,65260433,Balaklava,3.15,0.0,12,False,0.95,0.9299999999999999,2.15
2024-06-19,2024,229946867,70570691,Balaklava,2.52,0.0,12,False,0.95,0.9299999999999999,1.52
2024-06-23,2024,230029987,70666680,Port Augusta,3.05,0.0,12,False,0.95,0.9299999999999999,2.05
2024-06-23,2024,230030017,63161111,Port Augusta,2.84,0.0,12,False,0.95,0.9299999999999999,1.8399999999999999
2024-06-26,2024,230105557,43884350,Gawler,2.6,0.0,12,False,0.95,0.9299999999999999,1.6
2024-06-29,2024,230159221,714571,Morphettville,3.98,0.0,12,False,0.95,0.9299999999999999,2.98
2024-06-29,2024,230159257,68569513,Morphettville,4.31,0.0,12,False,0.95,0.9299999999999999,3.3099999999999996
2024-06-29,2024,230159293,7151469,Morphettville,3.21,0.0,12,False,0.95,0.9299999999999999,2.21
2024-07-03,2024,230305191,71082548,Murray Bridge,4.11,0.0,12,False,0.95,0.9299999999999999,3.1100000000000003
2024-07-06,2024,230371089,44327601,Gawler,3.3,0.0,12,False,0.95,0.9299999999999999,2.3
2024-07-10,2024,230512560,63084119,Mount Gambier,3.57,0.0,12,False,0.95,0.9299999999999999,2.57
2024-07-13,2024,230571760,71403409,Murray Bridge,2.76,0.0,12,False,0.95,0.9299999999999999,1.7599999999999998
2024-07-17,2024,230729716,42201555,Gawler,3.35,0.0,12,False,0.95,0.9299999999999999,2.35
2024-07-20,2024,230794946,65022769,Morphettville,4.24,1.0,12,False,-3.24,-3.24,3.24
2024-07-24,2024,230955124,4538804,Murray Bridge,2.93,0.0,12,False,0.95,0.9299999999999999,1.9300000000000002
2024-07-26,2024,231018163,44966104,Bordertown,2.61,1.0,12,False,-1.6099999999999999,-1.6099999999999999,1.6099999999999999
2024-07-28,2024,231078894,71939974,Gawler,3.7,0.0,13,False,0.95,0.9299999999999999,2.7
2024-08-03,2024,231277867,72167534,Murray Bridge,3.08,0.0,13,False,0.95,0.9299999999999999,2.08
2024-08-09,2024,231536242,72414173,Mount Gambier,2.54,0.0,13,False,0.95,0.9299999999999999,1.54
2024-08-21,2024,231995695,72850425,Balaklava,3.24,0.0,13,False,0.95,0.9299999999999999,2.24
2024-08-24,2024,232084524,71651605,Morphettville,2.48,0.0,13,False,0.95,0.9299999999999999,1.48
2024-08-24,2024,232084560,72915672,Morphettville,3.25,0.0,13,False,0.95,0.9299999999999999,2.25
2024-08-28,2024,232294134,55781512,Strathalbyn,3.31,1.0,13,False,-2.31,-2.31,2.31
2024-08-28,2024,232294161,52670875,Strathalbyn,2.68,1.0,13,False,-1.6800000000000002,-1.6800000000000002,1.6800000000000002
2024-08-30,2024,232367666,28485916,Naracoorte,3.5,0.0,13,False,0.95,0.9299999999999999,2.5
2024-09-04,2024,232553181,72167533,Murray Bridge,3.0,1.0,13,False,-2.0,-2.0,2.0
2024-09-07,2024,232631825,64051199,Morphettville,2.6,1.0,13,False,-1.6,-1.6,1.6
2024-09-11,2024,232822521,1260068,Balaklava,2.5,1.0,13,False,-1.5,-1.5,1.5
2024-09-11,2024,232822563,43308857,Balaklava,2.94,0.0,13,False,0.95,0.9299999999999999,1.94
2024-09-11,2024,232822570,56090156,Balaklava,3.99,0.0,13,False,0.95,0.9299999999999999,2.99
2024-09-14,2024,232895738,46790789,Morphettville,4.7,0.0,13,False,0.95,0.9299999999999999,3.7
2024-09-18,2024,233098143,24369097,Murray Bridge,3.42,0.0,13,False,0.95,0.9299999999999999,2.42
2024-09-22,2024,233259062,46080721,Mount Gambier,3.25,0.0,13,False,0.95,0.9299999999999999,2.25
2024-10-02,2024,233780210,74459603,Balaklava,2.68,0.0,13,False,0.95,0.9299999999999999,1.6800000000000002
2024-10-05,2024,233870285,65732381,Morphettville,2.59,1.0,13,False,-1.5899999999999999,-1.5899999999999999,1.5899999999999999
2024-10-07,2024,234013842,74571829,Gawler,3.43,1.0,13,False,-2.43,-2.43,2.43
2024-10-11,2024,234197245,74813702,Morphettville,3.38,0.0,14,True,0.95,0.9299999999999999,2.38
2024-10-12,2024,234196558,74813644,Murray Bridge,3.35,0.0,14,True,0.95,0.9299999999999999,2.35
2024-10-12,2024,234196630,66826343,Murray Bridge,3.83,0.0,14,True,0.95,0.9299999999999999,2.83
2024-10-13,2024,234274215,66732599,Port Lincoln,3.5,1.0,14,True,-2.5,-2.5,2.5
2024-10-16,2024,234408058,72354489,Balaklava,2.83,1.0,14,True,-1.83,-1.83,1.83
2024-10-27,2024,235003736,8779680,Port Lincoln,4.2,0.0,14,True,0.95,0.9299999999999999,3.2
2024-10-27,2024,235003742,67077283,Port Lincoln,3.79,0.0,14,True,0.95,0.9299999999999999,2.79
2024-10-27,2024,235003748,23211041,Port Lincoln,3.0,0.0,14,True,0.95,0.9299999999999999,2.0
2024-10-30,2024,235172351,39232687,Balaklava,2.93,1.0,14,True,-1.9300000000000002,-1.9300000000000002,1.9300000000000002
2024-11-02,2024,235297645,5749747,Morphettville,3.29,0.0,14,True,0.95,0.9299999999999999,2.29
2024-11-02,2024,235297699,66294538,Morphettville,4.55,1.0,14,True,-3.55,-3.55,3.55
2024-11-06,2024,235558655,52696646,Port Lincoln,3.56,0.0,14,True,0.95,0.9299999999999999,2.56
2024-11-06,2024,235558679,43081785,Port Lincoln,4.41,0.0,14,True,0.95,0.9299999999999999,3.41
2024-11-07,2024,235609712,75965266,Gawler,3.99,0.0,14,True,0.95,0.9299999999999999,2.99
2024-11-09,2024,235657115,45367390,Morphettville,3.01,0.0,14,True,0.95,0.9299999999999999,2.01
2024-11-09,2024,235657124,47841843,Morphettville,2.87,1.0,14,True,-1.87,-1.87,1.87
2024-11-09,2024,235657142,27693011,Morphettville,3.36,1.0,14,True,-2.36,-2.36,2.36
2024-11-09,2024,235657160,59620345,Morphettville,3.0,0.0,14,True,0.95,0.9299999999999999,2.0
2024-11-13,2024,235882706,76246380,Murray Bridge,2.61,0.0,14,True,0.95,0.9299999999999999,1.6099999999999999
2024-11-13,2024,235882734,1174259,Murray Bridge,3.96,0.0,14,True,0.95,0.9299999999999999,2.96
2024-11-20,2024,236144912,17526090,Balaklava,4.2,0.0,15,False,0.95,0.9299999999999999,3.2
2024-11-23,2024,236226177,773678,Morphettville,3.32,0.0,15,False,0.95,0.9299999999999999,2.32
2024-11-24,2024,236279141,76706000,Strathalbyn,2.76,1.0,15,False,-1.7599999999999998,-1.7599999999999998,1.7599999999999998
2024-11-24,2024,236279147,67222531,Strathalbyn,3.31,0.0,15,False,0.95,0.9299999999999999,2.31
2024-11-27,2024,236414455,3824938,Gawler,4.47,0.0,15,False,0.95,0.9299999999999999,3.4699999999999998
2024-11-29,2024,236499283,77021260,Naracoorte,3.6,0.0,15,False,0.95,0.9299999999999999,2.6
2024-11-29,2024,236499295,77021278,Naracoorte,2.74,0.0,15,False,0.95,0.9299999999999999,1.7400000000000002
2024-11-30,2024,236496272,70102537,Morphettville,3.12,1.0,15,False,-2.12,-2.12,2.12
2024-11-30,2024,236496283,76335241,Morphettville,2.52,0.0,15,False,0.95,0.9299999999999999,1.52
2024-12-01,2024,236582894,65732198,Clare,4.0,0.0,15,False,0.95,0.9299999999999999,3.0
2024-12-04,2024,236706157,77301804,Balaklava,3.44,1.0,15,False,-2.44,-2.44,2.44
2024-12-06,2024,236806927,77385805,Port Lincoln,2.98,1.0,15,False,-1.98,-1.98,1.98
2024-12-07,2024,236809433,77385665,Morphettville,2.3,0.0,15,False,0.95,0.9299999999999999,1.2999999999999998
2024-12-07,2024,236809496,62355454,Morphettville,3.31,1.0,15,False,-2.31,-2.31,2.31
2024-12-07,2024,236809505,38924459,Morphettville,2.86,1.0,15,False,-1.8599999999999999,-1.8599999999999999,1.8599999999999999
2024-12-08,2024,236889383,77427290,Murray Bridge,2.77,0.0,15,False,0.95,0.9299999999999999,1.77
2024-12-13,2024,237090623,72096707,Morphettville,2.67,1.0,15,False,-1.67,-1.67,1.67
2024-12-14,2024,237091744,77688234,Gawler,3.52,0.0,15,False,0.95,0.9299999999999999,2.52
2024-12-17,2024,237225862,76934188,Bordertown,3.65,0.0,15,False,0.95,0.9299999999999999,2.65
2024-12-17,2024,237225880,51294777,Bordertown,3.5,0.0,15,False,0.95,0.9299999999999999,2.5
2024-12-17,2024,237225892,382052,Bordertown,3.64,0.0,15,False,0.95,0.9299999999999999,2.64
2024-12-18,2024,237267337,59768360,Port Lincoln,2.76,0.0,16,False,0.95,0.9299999999999999,1.7599999999999998
2024-12-18,2024,237267351,40433970,Port Lincoln,3.37,0.0,16,False,0.95,0.9299999999999999,2.37
2024-12-21,2024,237350928,59231890,Murray Bridge,3.28,0.0,16,False,0.95,0.9299999999999999,2.28
2024-12-21,2024,237350937,3515862,Murray Bridge,3.16,0.0,16,False,0.95,0.9299999999999999,2.16
2024-12-22,2024,237427118,6991391,Mount Gambier,2.73,0.0,16,False,0.95,0.9299999999999999,1.73
2024-12-26,2024,237519107,78211706,Morphettville,3.8,0.0,16,False,0.95,0.9299999999999999,2.8
2024-12-27,2024,237550403,59620493,Strathalbyn,3.24,0.0,16,False,0.95,0.9299999999999999,2.24
2024-12-28,2024,237551092,67855251,Morphettville,3.51,0.0,16,False,0.95,0.9299999999999999,2.51
2024-12-28,2024,237551101,78230140,Morphettville,2.91,0.0,16,False,0.95,0.9299999999999999,1.9100000000000001
2024-12-31,2024,237666341,64721018,Port Lincoln,4.1,0.0,16,False,0.95,0.9299999999999999,3.0999999999999996
2025-01-01,2025,237700433.0,63363700.0,Murray Bridge,2.89,1.0,16,False,-1.8900000000000001,-1.8900000000000001,1.8900000000000001
2025-01-04,2025,237750411.0,78464660.0,Murray Bridge,3.64,0.0,16,False,0.95,0.9299999999999999,2.64
2025-01-05,2025,237803133.0,7613624.0,Naracoorte,3.17,1.0,16,False,-2.17,-2.17,2.17
2025-01-08,2025,237916447.0,49297058.0,Oakbank,4.3,0.0,16,False,0.95,0.9299999999999999,3.3
2025-01-08,2025,237916465.0,53679823.0,Oakbank,4.96,0.0,16,False,0.95,0.9299999999999999,3.96
2025-01-11,2025,237998226.0,66790075.0,Murray Bridge,3.42,0.0,16,False,0.95,0.9299999999999999,2.42
2025-01-15,2025,238201883.0,78916275.0,Strathalbyn,2.72,1.0,16,False,-1.7200000000000002,-1.7200000000000002,1.7200000000000002
2025-01-17,2025,238277961.0,64545710.0,Penola,3.71,0.0,16,False,0.95,0.9299999999999999,2.71
2025-01-18,2025,238280945.0,78976345.0,Murray Bridge,2.33,1.0,16,False,-1.33,-1.33,1.33
2025-01-24,2025,238564249.0,79257849.0,Murray Bridge,3.89,0.0,16,False,0.95,0.9299999999999999,2.89
2025-01-24,2025,238564273.0,62788621.0,Murray Bridge,4.2,0.0,16,False,0.95,0.9299999999999999,3.2
2025-01-25,2025,238566183.0,254343.0,Morphettville,4.71,0.0,17,False,0.95,0.9299999999999999,3.71
2025-01-29,2025,238789566.0,72583849.0,Morphettville,2.59,1.0,17,False,-1.5899999999999999,-1.5899999999999999,1.5899999999999999
2025-02-01,2025,238873929.0,49739404.0,Morphettville,4.08,0.0,17,False,0.95,0.9299999999999999,3.08
2025-02-02,2025,238956053.0,78047845.0,Mount Gambier,3.14,1.0,17,False,-2.14,-2.14,2.14
2025-02-08,2025,239192402.0,53148141.0,Morphettville,2.5,1.0,17,False,-1.5,-1.5,1.5
2025-02-13,2025,239480879.0,63363613.0,Oakbank,2.2,0.0,17,False,0.95,0.9299999999999999,1.2000000000000002
2025-02-14,2025,239528034.0,58312645.0,Clare,5.28,0.0,17,False,0.95,0.9299999999999999,4.28
2025-02-15,2025,239524459.0,60816370.0,Morphettville,2.8,1.0,17,False,-1.7999999999999998,-1.7999999999999998,1.7999999999999998
2025-02-16,2025,239591894.0,80130139.0,Naracoorte,2.06,1.0,17,False,-1.06,-1.06,1.06
2025-02-20,2025,239768218.0,80329456.0,Kangaroo Island,3.75,1.0,17,False,-2.75,-2.75,2.75
2025-02-20,2025,239768224.0,80329458.0,Kangaroo Island,3.46,0.0,17,False,0.95,0.9299999999999999,2.46
2025-02-20,2025,239768260.0,78976754.0,Kangaroo Island,3.4,0.0,17,False,0.95,0.9299999999999999,2.4
2025-02-22,2025,239812675.0,79803691.0,Morphettville,2.39,1.0,17,False,-1.3900000000000001,-1.3900000000000001,1.3900000000000001
2025-02-22,2025,239812684.0,80362435.0,Morphettville,2.36,0.0,17,False,0.95,0.9299999999999999,1.3599999999999999
2025-02-22,2025,239812702.0,80362437.0,Morphettville,3.14,0.0,17,False,0.95,0.9299999999999999,2.14
2025-02-22,2025,239812720.0,48872095.0,Morphettville,3.47,0.0,17,False,0.95,0.9299999999999999,2.47
2025-02-22,2025,239812747.0,80362461.0,Morphettville,3.03,0.0,17,False,0.95,0.9299999999999999,2.03
2025-02-22,2025,239841627.0,44208606.0,Kangaroo Island,3.95,1.0,17,False,-2.95,-2.95,2.95
2025-02-23,2025,239888853.0,68384039.0,Balaklava,2.71,1.0,17,False,-1.71,-1.71,1.71
2025-03-01,2025,240124537.0,69641819.0,Morphettville,3.43,1.0,17,False,-2.43,-2.43,2.43
2025-03-01,2025,240124555.0,38937016.0,Morphettville,3.24,1.0,17,False,-2.24,-2.24,2.24
2025-03-01,2025,240124582.0,80639313.0,Morphettville,3.49,0.0,17,False,0.95,0.9299999999999999,2.49
2025-03-02,2025,240217437.0,54403833.0,Penola,3.85,1.0,18,False,-2.85,-2.85,2.85
2025-03-05,2025,240356214.0,23783228.0,Oakbank,3.55,0.0,18,False,0.95,0.9299999999999999,2.55
2025-03-05,2025,240356223.0,56089664.0,Oakbank,2.33,0.0,18,False,0.95,0.9299999999999999,1.33
2025-03-08,2025,240470460.0,58371149.0,Murray Bridge,3.66,0.0,18,False,0.95,0.9299999999999999,2.66
2025-03-08,2025,240470514.0,79257855.0,Murray Bridge,4.1,0.0,18,False,0.95,0.9299999999999999,3.0999999999999996
2025-03-10,2025,240504435.0,80973061.0,Morphettville,3.87,0.0,18,False,0.95,0.9299999999999999,2.87
2025-03-12,2025,240696548.0,81155857.0,Strathalbyn,3.96,0.0,18,False,0.95,0.9299999999999999,2.96
2025-03-15,2025,240783155.0,75018469.0,Morphettville,2.15,1.0,18,False,-1.15,-1.15,1.15
2025-03-16,2025,240873129.0,61104964.0,Port Lincoln,3.98,1.0,18,False,-2.98,-2.98,2.98
2025-03-16,2025,240873165.0,81263581.0,Port Lincoln,3.83,0.0,18,False,0.95,0.9299999999999999,2.83
2025-03-19,2025,240994648.0,81435770.0,Oakbank,3.6,0.0,18,False,0.95,0.9299999999999999,2.6
2025-03-21,2025,241107273.0,81517804.0,Mount Gambier,4.1,0.0,18,False,0.95,0.9299999999999999,3.0999999999999996
2025-03-21,2025,241107297.0,7189781.0,Mount Gambier,3.3,0.0,18,False,0.95,0.9299999999999999,2.3
2025-03-21,2025,241107303.0,741125.0,Mount Gambier,3.67,0.0,18,False,0.95,0.9299999999999999,2.67
2025-03-22,2025,241102353.0,81517757.0,Morphettville,2.65,0.0,18,False,0.95,0.9299999999999999,1.65
2025-03-22,2025,241102398.0,81517781.0,Morphettville,2.38,0.0,18,False,0.95,0.9299999999999999,1.38
2025-03-22,2025,241102407.0,60568481.0,Morphettville,3.49,0.0,18,False,0.95,0.9299999999999999,2.49
2025-03-26,2025,241334911.0,5178491.0,Strathalbyn,2.45,0.0,18,False,0.95,0.9299999999999999,1.4500000000000002
2025-03-29,2025,241422979.0,66733921.0,Morphettville,2.97,1.0,18,False,-1.9700000000000002,-1.9700000000000002,1.9700000000000002
2025-03-30,2025,241509600.0,62591843.0,Port Lincoln,4.39,1.0,18,False,-3.3899999999999997,-3.3899999999999997,3.3899999999999997
2025-04-05,2025,241780041.0,82078016.0,Morphettville,3.61,0.0,19,False,0.95,0.9299999999999999,2.61
2025-04-05,2025,241780050.0,82078017.0,Morphettville,3.05,0.0,19,False,0.95,0.9299999999999999,2.05
2025-04-06,2025,241873251.0,544210.0,Naracoorte,3.2,0.0,19,False,0.95,0.9299999999999999,2.2
2025-04-09,2025,242012621.0,636097.0,Murray Bridge,3.75,0.0,19,False,0.95,0.9299999999999999,2.75
2025-04-11,2025,242123828.0,72096699.0,Strathalbyn,3.93,0.0,19,False,0.95,0.9299999999999999,2.93
2025-04-12,2025,242117023.0,73420387.0,Morphettville,3.2,1.0,19,False,-2.2,-2.2,2.2
2025-04-16,2025,242367402.0,82538254.0,Balaklava,3.59,0.0,19,False,0.95,0.9299999999999999,2.59
2025-04-19,2025,242520068.0,77386385.0,Clare,4.05,1.0,19,False,-3.05,-3.05,3.05
2025-04-20,2025,242569149.0,72414173.0,Penola,2.65,1.0,19,False,-1.65,-1.65,1.65
2025-04-21,2025,242567686.0,68673855.0,Oakbank,3.97,1.0,19,False,-2.97,-2.97,2.97
2025-04-21,2025,242567695.0,67855250.0,Oakbank,3.9,0.0,19,False,0.95,0.9299999999999999,2.9
2025-04-21,2025,242567713.0,50880065.0,Oakbank,4.7,1.0,19,False,-3.7,-3.7,3.7
2025-04-25,2025,242804689.0,82018116.0,Balaklava,2.39,0.0,19,False,0.95,0.9299999999999999,1.3900000000000001
2025-04-25,2025,242804698.0,53147774.0,Balaklava,2.97,1.0,19,False,-1.9700000000000002,-1.9700000000000002,1.9700000000000002
2025-04-30,2025,243054321.0,81746601.0,Murray Bridge,3.7,0.0,19,False,0.95,0.9299999999999999,2.7
2025-04-30,2025,243054342.0,56905698.0,Murray Bridge,5.32,0.0,19,False,0.95,0.9299999999999999,4.32
2025-04-30,2025,243054349.0,51294709.0,Murray Bridge,3.29,0.0,19,False,0.95,0.9299999999999999,2.29
2025-05-02,2025,243148150.0,78046521.0,Bordertown,4.06,0.0,19,False,0.95,0.9299999999999999,3.0599999999999996
2025-05-02,2025,243148156.0,83118712.0,Bordertown,3.38,0.0,19,False,0.95,0.9299999999999999,2.38
2025-05-02,2025,243148186.0,48401518.0,Bordertown,3.73,0.0,19,False,0.95,0.9299999999999999,2.73
2025-05-03,2025,243148339.0,72851118.0,Morphettville,2.8,0.0,20,False,0.95,0.9299999999999999,1.7999999999999998
2025-05-03,2025,243148393.0,82278031.0,Morphettville,3.25,0.0,20,False,0.95,0.9299999999999999,2.25
2025-05-09,2025,243473367.0,83378485.0,Mount Gambier,3.72,0.0,20,False,0.95,0.9299999999999999,2.72
2025-05-10,2025,243470520.0,79524506.0,Morphettville,3.32,0.0,20,False,0.95,0.9299999999999999,2.32
2025-05-10,2025,243470538.0,83378654.0,Morphettville,3.23,0.0,20,False,0.95,0.9299999999999999,2.23
2025-05-10,2025,243470556.0,83378662.0,Morphettville,3.95,0.0,20,False,0.95,0.9299999999999999,2.95
2025-05-10,2025,243470574.0,49739404.0,Morphettville,3.8,0.0,20,False,0.95,0.9299999999999999,2.8
2025-05-11,2025,243549879.0,69901990.0,Port Augusta,3.82,0.0,20,False,0.95,0.9299999999999999,2.82
2025-05-11,2025,243549885.0,65260535.0,Port Augusta,3.15,1.0,20,False,-2.15,-2.15,2.15
2025-05-14,2025,243681794.0,83569031.0,Murray Bridge,3.05,0.0,20,False,0.95,0.9299999999999999,2.05
2025-05-23,2025,244045909.0,42879287.0,Port Augusta,2.39,0.0,20,False,0.95,0.9299999999999999,1.3900000000000001
2025-05-24,2025,244044169.0,71904197.0,Murray Bridge,2.58,0.0,20,False,0.95,0.9299999999999999,1.58
2025-05-31,2025,244301072.0,84181541.0,Morphettville,3.7,0.0,20,False,0.95,0.9299999999999999,2.7
2025-05-31,2025,244301099.0,83313171.0,Morphettville,3.55,1.0,20,False,-2.55,-2.55,2.55
2025-06-01,2025,244364401.0,73482805.0,Penola,3.67,0.0,20,False,0.95,0.9299999999999999,2.67
2025-06-04,2025,244447083.0,51052649.0,Balaklava,2.44,1.0,20,False,-1.44,-1.44,1.44
2025-06-07,2025,244520656.0,73991394.0,Morphettville,3.3,0.0,20,False,0.95,0.9299999999999999,2.3
2025-06-07,2025,244520665.0,84430946.0,Morphettville,3.2,0.0,20,False,0.95,0.9299999999999999,2.2
2025-06-11,2025,244657619.0,82277803.0,Mount Gambier,3.36,1.0,20,False,-2.36,-2.36,2.36
2025-06-21,2025,244912940.0,84982435.0,Morphettville,4.06,0.0,20,False,0.95,0.9299999999999999,3.0599999999999996
2025-06-27,2025,245099253.0,68063559.0,Bordertown,2.73,1.0,21,True,-1.73,-1.73,1.73
2025-06-28,2025,245099500.0,67038983.0,Morphettville,3.1,0.0,21,True,0.95,0.9299999999999999,2.1
2025-07-02,2025,245229895.0,53858031.0,Murray Bridge,4.02,0.0,21,True,0.95,0.9299999999999999,3.0199999999999996
2025-07-06,2025,245336509.0,4365259.0,Port Augusta,4.3,0.0,21,True,0.95,0.9299999999999999,3.3
2025-07-12,2025,245475177.0,85778264.0,Murray Bridge,3.65,1.0,21,True,-2.65,-2.65,2.65
2025-07-23,2025,245866235.0,86275654.0,Murray Bridge,3.25,1.0,21,True,-2.25,-2.25,2.25
2025-07-23,2025,245866244.0,73176912.0,Murray Bridge,3.25,0.0,21,True,0.95,0.9299999999999999,2.25
2025-07-26,2025,245916121.0,6946641.0,Morphettville,2.99,0.0,21,True,0.95,0.9299999999999999,1.9900000000000002
2025-07-26,2025,245916193.0,86347031.0,Morphettville,4.57,0.0,21,True,0.95,0.9299999999999999,3.5700000000000003
2025-08-02,2025,246157647.0,84107502.0,Murray Bridge,3.8,0.0,21,True,0.95,0.9299999999999999,2.8
2025-08-06,2025,246310059.0,86820485.0,Morphettville,3.45,0.0,21,True,0.95,0.9299999999999999,2.45
2025-08-06,2025,246310068.0,86820493.0,Morphettville,2.36,0.0,21,True,0.95,0.9299999999999999,1.3599999999999999
2025-08-08,2025,246379247.0,73991426.0,Mount Gambier,3.15,0.0,21,True,0.95,0.9299999999999999,2.15
2025-08-09,2025,246373677.0,39428377.0,Morphettville,3.14,0.0,21,True,0.95,0.9299999999999999,2.14
2025-08-09,2025,246373731.0,50712912.0,Morphettville,2.38,0.0,21,True,0.95,0.9299999999999999,1.38
2025-08-13,2025,246552713.0,87094000.0,Murray Bridge,3.2,0.0,21,True,0.95,0.9299999999999999,2.2
2025-08-13,2025,246552722.0,87094013.0,Murray Bridge,3.54,0.0,21,True,0.95,0.9299999999999999,2.54
2025-08-16,2025,246625120.0,63362685.0,Morphettville,3.67,1.0,21,True,-2.67,-2.67,2.67
2025-08-20,2025,246804231.0,87379556.0,Strathalbyn,3.26,0.0,21,True,0.95,0.9299999999999999,2.26
2025-08-20,2025,246804249.0,71403407.0,Strathalbyn,5.17,0.0,21,True,0.95,0.9299999999999999,4.17
2025-08-20,2025,246804294.0,59354641.0,Strathalbyn,3.59,0.0,21,True,0.95,0.9299999999999999,2.59
2025-09-06,2025,247382682.0,3236155.0,Morphettville,2.63,0.0,22,True,0.95,0.9299999999999999,1.63
2025-09-10,2025,247548347.0,74571809.0,Balaklava,4.0,0.0,22,True,0.95,0.9299999999999999,3.0
2025-09-13,2025,247621893.0,3564748.0,Morphettville,3.35,0.0,22,True,0.95,0.9299999999999999,2.35
2025-09-13,2025,247621902.0,51918232.0,Morphettville,2.36,0.0,22,True,0.95,0.9299999999999999,1.3599999999999999
2025-09-13,2025,247621929.0,79803699.0,Morphettville,3.45,0.0,22,True,0.95,0.9299999999999999,2.45
2025-09-13,2025,247621947.0,74459617.0,Morphettville,3.6,1.0,22,True,-2.6,-2.6,2.6
2025-09-17,2025,247810491.0,8216506.0,Murray Bridge,4.51,0.0,22,True,0.95,0.9299999999999999,3.51
2025-09-20,2025,247897801.0,3564748.0,Morphettville,3.39,0.0,22,True,0.95,0.9299999999999999,2.39
2025-09-20,2025,247897828.0,1021612.0,Morphettville,2.78,0.0,22,True,0.95,0.9299999999999999,1.7799999999999998
2025-09-21,2025,247958728.0,728875.0,Mount Gambier,2.76,1.0,22,True,-1.7599999999999998,-1.7599999999999998,1.7599999999999998
2025-09-21,2025,247958758.0,62633177.0,Mount Gambier,3.7,0.0,22,True,0.95,0.9299999999999999,2.7
2025-09-24,2025,248081380.0,88927587.0,Balaklava,2.96,0.0,22,True,0.95,0.9299999999999999,1.96
2025-09-27,2025,248192725.0,77688228.0,Morphettville,3.66,1.0,22,True,-2.66,-2.66,2.66
2025-09-28,2025,248274403.0,89059892.0,Strathalbyn,4.7,1.0,22,True,-3.7,-3.7,3.7
2025-09-28,2025,248274415.0,89059903.0,Strathalbyn,3.05,0.0,22,True,0.95,0.9299999999999999,2.05
2025-10-01,2025,248388729.0,84696271.0,Balaklava,3.85,1.0,22,True,-2.85,-2.85,2.85
2025-10-04,2025,248503189.0,1495090.0,Morphettville,3.6,0.0,22,True,0.95,0.9299999999999999,2.6
2025-10-04,2025,248503207.0,89347656.0,Morphettville,3.1,0.0,22,True,0.95,0.9299999999999999,2.1
2025-10-04,2025,248503216.0,54738742.0,Morphettville,2.84,0.0,22,True,0.95,0.9299999999999999,1.8399999999999999
2025-10-11,2025,248793126.0,89669649.0,Murray Bridge,2.56,0.0,22,True,0.95,0.9299999999999999,1.56
2025-10-15,2025,249009989.0,89885901.0,Balaklava,2.83,1.0,23,True,-1.83,-1.83,1.83
2025-10-17,2025,249107988.0,63893914.0,Penola,3.75,1.0,23,True,-2.75,-2.75,2.75
2025-10-17,2025,249107994.0,62868635.0,Penola,3.8,0.0,23,True,0.95,0.9299999999999999,2.8
2025-10-19,2025,249196137.0,40386336.0,Halidon,3.28,0.0,23,True,0.95,0.9299999999999999,2.28
2025-10-22,2025,249343207.0,90180587.0,Strathalbyn,3.26,0.0,23,True,0.95,0.9299999999999999,2.26
2025-10-24,2025,249438771.0,90251850.0,Gawler,3.72,0.0,23,True,0.95,0.9299999999999999,2.72
2025-10-24,2025,249438783.0,47038608.0,Gawler,4.5,0.0,23,True,0.95,0.9299999999999999,3.5
2025-10-26,2025,249532621.0,80398909.0,Clare,2.85,0.0,23,True,0.95,0.9299999999999999,1.85
2025-10-26,2025,249532663.0,46520334.0,Clare,4.7,0.0,23,True,0.95,0.9299999999999999,3.7
2025-10-29,2025,249695848.0,42011063.0,Murray Bridge,3.73,0.0,23,True,0.95,0.9299999999999999,2.73
2025-11-01,2025,249831410.0,2605465.0,Morphettville,2.88,0.0,23,True,0.95,0.9299999999999999,1.88
2025-11-01,2025,249831473.0,90524263.0,Morphettville,4.2,0.0,23,True,0.95,0.9299999999999999,3.2
2025-11-02,2025,249919057.0,58069351.0,Naracoorte,4.3,0.0,23,True,0.95,0.9299999999999999,3.3
2025-11-04,2025,249919279.0,80856213.0,Morphettville,3.4,0.0,23,True,0.95,0.9299999999999999,2.4
2025-11-08,2025,250158704.0,90798541.0,Morphettville,3.49,0.0,23,True,0.95,0.9299999999999999,2.49
2025-11-12,2025,250366416.0,91027083.0,Balaklava,3.44,0.0,23,True,0.95,0.9299999999999999,2.44
2025-11-15,2025,250470466.0,54974209.0,Morphettville,3.65,0.0,23,True,0.95,0.9299999999999999,2.65
2025-11-15,2025,250470511.0,91115396.0,Morphettville,3.85,0.0,23,True,0.95,0.9299999999999999,2.85
2025-11-16,2025,250533327.0,91157401.0,Strathalbyn,3.02,0.0,23,True,0.95,0.9299999999999999,2.02
2025-11-16,2025,250533345.0,88376169.0,Strathalbyn,3.56,1.0,23,True,-2.56,-2.56,2.56
2025-11-19,2025,250669251.0,91354695.0,Murray Bridge,5.9,0.0,24,True,0.95,0.9299999999999999,4.9
2025-11-19,2025,250669260.0,91354705.0,Murray Bridge,2.65,0.0,24,True,0.95,0.9299999999999999,1.65
2025-11-21,2025,250751513.0,79597431.0,Port Lincoln,3.7,0.0,24,True,0.95,0.9299999999999999,2.7
2025-11-29,2025,251020904.0,72444296.0,Morphettville,4.2,1.0,24,True,-3.2,-3.2,3.2
2025-12-05,2025,251283271.0,89392277.0,Port Lincoln,2.75,0.0,24,True,0.95,0.9299999999999999,1.75
2025-12-05,2025,251283277.0,90603936.0,Port Lincoln,3.4,0.0,24,True,0.95,0.9299999999999999,2.4
2025-12-05,2025,251283283.0,91432410.0,Port Lincoln,3.77,0.0,24,True,0.95,0.9299999999999999,2.77
2025-12-05,2025,251283307.0,54704521.0,Port Lincoln,3.44,0.0,24,True,0.95,0.9299999999999999,2.44
2025-12-06,2025,251287334.0,63026461.0,Morphettville,3.55,0.0,24,True,0.95,0.9299999999999999,2.55
2025-12-06,2025,251287352.0,92161119.0,Morphettville,2.74,0.0,24,True,0.95,0.9299999999999999,1.7400000000000002
2025-12-12,2025,251537454.0,4441129.0,Morphettville,3.16,0.0,24,True,0.95,0.9299999999999999,2.16
2025-12-14,2025,251603473.0,92207052.0,Bordertown,4.0,0.0,24,True,0.95,0.9299999999999999,3.0
2025-12-14,2025,251603491.0,50903137.0,Bordertown,2.64,0.0,24,True,0.95,0.9299999999999999,1.6400000000000001
2025-12-14,2025,251603497.0,77728373.0,Bordertown,4.11,0.0,24,True,0.95,0.9299999999999999,3.1100000000000003
2025-12-19,2025,251796912.0,92743438.0,Oakbank,2.27,0.0,24,True,0.95,0.9299999999999999,1.27
2025-12-31,2025,252161144.0,77613375.0,Port Lincoln,4.32,0.0,24,True,0.95,0.9299999999999999,3.3200000000000003
2025-12-31,2025,252161162.0,77385805.0,Port Lincoln,3.57,0.0,24,True,0.95,0.9299999999999999,2.57
2026-01-01,2026_JAN_JUL,252194981,90008952,Murray Bridge,2.74,0.0,24,True,0.95,0.9299999999999999,1.7400000000000002
2026-01-10,2026_JAN_JUL,252447814,59684999,Murray Bridge,3.82,0.0,24,True,0.95,0.9299999999999999,2.82
2026-01-10,2026_JAN_JUL,252447850,83569031,Murray Bridge,2.47,1.0,24,True,-1.4700000000000002,-1.4700000000000002,1.4700000000000002
2026-01-11,2026_JAN_JUL,252519541,80130140,Port Lincoln,3.75,0.0,25,True,0.95,0.9299999999999999,2.75
2026-01-11,2026_JAN_JUL,252519577,93573833,Port Lincoln,4.96,0.0,25,True,0.95,0.9299999999999999,3.96
2026-01-16,2026_JAN_JUL,252719578,180839,Penola,3.52,0.0,25,True,0.95,0.9299999999999999,2.52
2026-01-17,2026_JAN_JUL,252715421,93826793,Murray Bridge,2.8,1.0,25,True,-1.7999999999999998,-1.7999999999999998,1.7999999999999998
2026-01-21,2026_JAN_JUL,252939582,81562173,Oakbank,3.3,0.0,25,True,0.95,0.9299999999999999,2.3
2026-01-25,2026_JAN_JUL,253086174,90286954,Mount Gambier,3.19,0.0,25,True,0.95,0.9299999999999999,2.19
2026-01-31,2026_JAN_JUL,253304940,43692499,Morphettville,3.37,0.0,25,True,0.95,0.9299999999999999,2.37
2026-02-07,2026_JAN_JUL,253596567,94688054,Morphettville,2.59,0.0,25,True,0.95,0.9299999999999999,1.5899999999999999
2026-02-07,2026_JAN_JUL,253596621,76934242,Morphettville,3.9,0.0,25,True,0.95,0.9299999999999999,2.9
2026-02-08,2026_JAN_JUL,253642436,94735847,Naracoorte,3.79,0.0,25,True,0.95,0.9299999999999999,2.79
2026-02-11,2026_JAN_JUL,253834858,70891968,Gawler,3.82,0.0,25,True,0.95,0.9299999999999999,2.82
2026-02-13,2026_JAN_JUL,253916456,39317905,Clare,3.28,0.0,25,True,0.95,0.9299999999999999,2.28
2026-02-14,2026_JAN_JUL,253911348,94984543,Morphettville,3.45,0.0,25,True,0.95,0.9299999999999999,2.45
2026-02-19,2026_JAN_JUL,254175181,95263257,Kangaroo Island,2.59,1.0,25,True,-1.5899999999999999,-1.5899999999999999,1.5899999999999999
2026-02-19,2026_JAN_JUL,254175187,1200419,Kangaroo Island,3.85,0.0,25,True,0.95,0.9299999999999999,2.85
2026-02-21,2026_JAN_JUL,254217105,95301031,Morphettville,3.23,0.0,25,True,0.95,0.9299999999999999,2.23
2026-02-27,2026_JAN_JUL,254496713,95514558,Port Lincoln,2.74,0.0,25,True,0.95,0.9299999999999999,1.7400000000000002
2026-03-13,2026_JAN_JUL,255143155,95919115,Mount Gambier,3.3,0.0,25,True,0.95,0.9299999999999999,2.3
2026-03-14,2026_JAN_JUL,255136419,96180944,Morphettville,3.51,0.0,25,True,0.95,0.9299999999999999,2.51
2026-03-15,2026_JAN_JUL,255224860,93167941,Port Lincoln,4.4,0.0,25,True,0.95,0.9299999999999999,3.4000000000000004
2026-03-18,2026_JAN_JUL,255388331,89669490,Oakbank,3.35,1.0,26,True,-2.35,-2.35,2.35
2026-03-21,2026_JAN_JUL,255487791,89018830,Morphettville,3.2,0.0,26,True,0.95,0.9299999999999999,2.2
2026-03-25,2026_JAN_JUL,255705057,74264140,Strathalbyn,3.53,1.0,26,True,-2.53,-2.53,2.53
2026-03-28,2026_JAN_JUL,255795062,49514137,Morphettville,2.89,0.0,26,True,0.95,0.9299999999999999,1.8900000000000001
2026-03-28,2026_JAN_JUL,255795071,96747232,Morphettville,3.65,0.0,26,True,0.95,0.9299999999999999,2.65
2026-03-29,2026_JAN_JUL,255880960,85181091,Port Lincoln,3.29,0.0,26,True,0.95,0.9299999999999999,2.29
2026-03-29,2026_JAN_JUL,255880966,73642864,Port Lincoln,4.23,0.0,26,True,0.95,0.9299999999999999,3.2300000000000004
2026-04-04,2026_JAN_JUL,256136794,67530877,Oakbank,3.66,0.0,26,True,0.95,0.9299999999999999,2.66
2026-04-04,2026_JAN_JUL,256169845,74615683,Clare,3.5,0.0,26,True,0.95,0.9299999999999999,2.5
2026-04-05,2026_JAN_JUL,256220565,96772939,Penola,2.85,0.0,26,True,0.95,0.9299999999999999,1.85
2026-04-06,2026_JAN_JUL,256283707,86820501,Oakbank,3.1,1.0,26,True,-2.1,-2.1,2.1
2026-04-11,2026_JAN_JUL,256478996,97211511,Morphettville,2.26,0.0,26,True,0.95,0.9299999999999999,1.2599999999999998
2026-04-15,2026_JAN_JUL,256741588,97393522,Balaklava,3.1,0.0,26,True,0.95,0.9299999999999999,2.1
2026-04-15,2026_JAN_JUL,256741606,96747204,Balaklava,3.21,1.0,26,True,-2.21,-2.21,2.21
2026-04-24,2026_JAN_JUL,257182754,90008952,Gawler,2.66,0.0,26,True,0.95,0.9299999999999999,1.6600000000000001
2026-05-02,2026_JAN_JUL,257527816,86741181,Morphettville,2.77,0.0,26,True,0.95,0.9299999999999999,1.77
2026-05-06,2026_JAN_JUL,257749518,91157409,Murray Bridge,3.31,0.0,26,True,0.95,0.9299999999999999,2.31
2026-05-06,2026_JAN_JUL,257749527,1106488,Murray Bridge,3.6,0.0,26,True,0.95,0.9299999999999999,2.6
2026-05-09,2026_JAN_JUL,257841286,97694802,Morphettville,4.0,0.0,26,True,0.95,0.9299999999999999,3.0
2026-05-16,2026_JAN_JUL,258147001,92995773,Morphettville,4.1,0.0,26,True,0.95,0.9299999999999999,3.0999999999999996
2026-05-16,2026_JAN_JUL,258147013,63324856,Morphettville,3.34,0.0,26,True,0.95,0.9299999999999999,2.34
2026-05-17,2026_JAN_JUL,258214726,58672009,Strathalbyn,3.72,0.0,27,True,0.95,0.9299999999999999,2.72
2026-05-20,2026_JAN_JUL,258326436,98643663,Balaklava,4.05,0.0,27,True,0.95,0.9299999999999999,3.05
2026-05-20,2026_JAN_JUL,258326454,98643679,Balaklava,2.22,1.0,27,True,-1.2200000000000002,-1.2200000000000002,1.2200000000000002
2026-05-20,2026_JAN_JUL,258326472,67855236,Balaklava,4.14,1.0,27,True,-3.1399999999999997,-3.1399999999999997,3.1399999999999997
2026-05-22,2026_JAN_JUL,258406854,90567862,Mount Gambier,3.72,1.0,27,True,-2.72,-2.72,2.72
2026-05-23,2026_JAN_JUL,258407106,98708995,Murray Bridge,3.75,0.0,27,True,0.95,0.9299999999999999,2.75
2026-05-23,2026_JAN_JUL,258407124,74537765,Murray Bridge,4.21,0.0,27,True,0.95,0.9299999999999999,3.21
2026-05-27,2026_JAN_JUL,258581879,98882876,Gawler,4.17,1.0,27,True,-3.17,-3.17,3.17
2026-05-30,2026_JAN_JUL,258650245,72641874,Morphettville,2.6,1.0,27,True,-1.6,-1.6,1.6
2026-06-07,2026_JAN_JUL,258891739,47841815,Port Augusta,2.86,0.0,27,True,0.95,0.9299999999999999,1.8599999999999999
2026-06-10,2026_JAN_JUL,258999237,11040454,Mount Gambier,3.7,0.0,27,True,0.95,0.9299999999999999,2.7
2026-06-21,2026_JAN_JUL,259280496,99769845,Port Augusta,3.35,0.0,27,True,0.95,0.9299999999999999,2.35
2026-06-26,2026_JAN_JUL,259424541,99242909,Balaklava,2.91,0.0,27,True,0.95,0.9299999999999999,1.9100000000000001
2026-06-27,2026_JAN_JUL,259424403,96146815,Morphettville,3.15,0.0,27,True,0.95,0.9299999999999999,2.15
2026-07-07,2026_JAN_JUL,259756122,44590763,Murray Bridge,4.0,0.0,27,True,0.95,0.9299999999999999,3.0
2026-07-11,2026_JAN_JUL,259843897,100454278,Morphettville,3.1,0.0,27,True,0.95,0.9299999999999999,2.1
2026-07-12,2026_JAN_JUL,259895989,99398623,Mount Gambier,2.42,0.0,27,True,0.95,0.9299999999999999,1.42
2026-07-15,2026_JAN_JUL,259996681,92966032,Balaklava,3.13,0.0,27,True,0.95,0.9299999999999999,2.13
2026-07-17,2026_JAN_JUL,260071843,100693616,Murray Bridge,2.94,1.0,27,True,-1.94,-1.94,1.94
2026-07-18,2026_JAN_JUL,260072910,87676736,Morphettville,3.95,0.0,27,True,0.95,0.9299999999999999,2.95
