block_id,anchor_date,end_date,start_period,end_period,past_n,future_n,past_market_brier,past_model_brier,past_adv,past_trusted,future_horse_win_rate,future_net_pl_5pct,future_pot_5pct,future_rol_5pct,future_maxdd_5pct,future_net_pl_7pct,future_pot_7pct,future_rol_7pct,future_maxdd_7pct,future_profitable_5pct,future_profitable_7pct
0,2023-04-19,2023-05-19,2023,2023,50,20,0.2338580143454351,0.2582897185561391,-0.02443170421070398,False,0.5,-15.938871126000002,-0.7969435563000001,-0.3049690627156755,17.308871126,-16.138871126,-0.8069435563,-0.3087957962441021,17.448871126000004,False,False
1,2023-05-20,2023-06-14,2023,2023,50,21,0.23609902727433402,0.26450283159559357,-0.02840380432125955,False,0.38095238095238093,-7.216325859,-0.3436345647142857,-0.13995505028926702,9.384260175000001,-7.476325859000001,-0.35601551709523815,-0.14499754889398664,9.384260175,False,False
2,2023-06-17,2023-07-26,2023,2023,50,20,0.24885546040737527,0.28438703043813507,-0.035531570030759796,False,0.25,3.743881904,0.18719409520000002,0.07294466236230396,3.9489852960000005,3.4438819039999977,0.1721940951999999,0.06709955312279751,3.9489852959999996,True,True
3,2023-07-29,2023-08-30,2023,2023,50,20,0.23336316124211076,0.2608833634149332,-0.027520202172822417,False,0.3,0.9023081529999994,0.045115407649999974,0.018860814755694545,5.436277024,0.6223081529999985,0.031115407649999927,0.013008015893093009,5.536277024000001,True,True
4,2023-09-02,2023-10-11,2023,2023,50,20,0.20669002729194272,0.22678887205262557,-0.020098844760682855,False,0.3,-1.8931327950000003,-0.09465663975000002,-0.03918184696979493,7.763132795000001,-2.1731327950000017,-0.10865663975000009,-0.04497695927280832,7.803132795000002,False,False
5,2023-10-18,2023-11-11,2023,2023,50,20,0.20461280149584207,0.22107213378915191,-0.016459332293309842,False,0.35,-1.8999999999999997,-0.09499999999999999,-0.04279279279279279,6.8999999999999995,-2.16,-0.10800000000000001,-0.04864864864864866,7.000000000000001,False,False
6,2023-11-12,2023-12-09,2023,2023,50,20,0.2148585955620852,0.23006432719948056,-0.015205731637395359,False,0.35,-0.7200000000000006,-0.03600000000000003,-0.017357762777242058,6.27,-0.9800000000000004,-0.04900000000000002,-0.023625843780135013,6.27,False,False
7,2023-12-10,2024-01-03,2023,2024,50,20,0.21118959854076233,0.2173245358000728,-0.006134937259310469,False,0.35,-2.709999999999999,-0.13549999999999995,-0.054637096774193546,8.409999999999998,-2.9700000000000015,-0.14850000000000008,-0.05987903225806456,8.550000000000002,False,False
8,2024-01-13,2024-02-10,2024,2024,50,21,0.20660544609578316,0.21874382054563973,-0.012138374449856576,False,0.38095238095238093,-6.529999999999999,-0.3109523809523809,-0.12492825712645877,6.529999999999999,-6.790000000000003,-0.3233333333333335,-0.12990242969198398,6.790000000000001,False,False
9,2024-02-11,2024-03-09,2024,2024,50,21,0.22952509930534254,0.2538384464353561,-0.02431334713001354,False,0.42857142857142855,-6.389999999999999,-0.3042857142857142,-0.14808806488991885,10.77,-6.630000000000003,-0.31571428571428584,-0.15365005793742764,10.810000000000002,False,False
10,2024-03-10,2024-04-01,2024,2024,50,20,0.22435649182696604,0.2527718401533271,-0.028415348326361056,False,0.45,-8.330000000000002,-0.4165000000000001,-0.19399161620866326,10.229999999999999,-8.55,-0.42750000000000005,-0.19911504424778761,10.41,False,False
11,2024-04-03,2024-06-01,2024,2024,50,20,0.25337688479003867,0.29408560512902043,-0.04070872033898176,False,0.25,4.05,0.20249999999999999,0.09372830363341818,5.640000000000001,3.749999999999999,0.18749999999999994,0.08678546632723905,5.680000000000001,True,True
12,2024-06-02,2024-07-26,2024,2024,50,20,0.2398129897908693,0.2700075251452473,-0.030194535354377994,False,0.15,10.37,0.5185,0.22301075268817203,3.9000000000000004,10.03,0.5015,0.2156989247311828,3.92,True,True
13,2024-07-28,2024-10-07,2024,2024,50,20,0.18638949855047454,0.18972296077766862,-0.0033334622271940784,False,0.35,-0.7600000000000011,-0.038000000000000055,-0.01772388059701495,8.14,-1.020000000000001,-0.051000000000000045,-0.02378731343283584,8.16,False,False
14,2024-10-11,2024-11-13,2024,2024,50,20,0.17328019589549185,0.16935516440071502,0.003925031494776826,True,0.3,-0.7399999999999998,-0.03699999999999999,-0.014973694860380407,6.44,-1.0200000000000018,-0.05100000000000009,-0.02063941723998385,6.6000000000000005,False,False
15,2024-11-20,2024-12-17,2024,2024,50,21,0.20046132597459276,0.2122161048309882,-0.011754778856395448,False,0.3333333333333333,-0.8399999999999994,-0.03999999999999997,-0.017617449664429515,8.58,-1.1200000000000008,-0.05333333333333337,-0.02348993288590605,8.66,False,False
16,2024-12-18,2025-01-24,2024,2025,50,21,0.2067210688699861,0.2219017961432885,-0.015180727273302413,False,0.19047619047619047,9.039999999999996,0.4304761904761903,0.1769426502250929,3.110000000000001,8.699999999999998,0.41428571428571415,0.1702877275396359,3.130000000000001,True,True
17,2025-01-25,2025-03-01,2025,2025,50,22,0.17945132752794016,0.18361443636890232,-0.00416310884096216,False,0.5,-11.110000000000001,-0.505,-0.22590483936559577,13.009999999999998,-11.330000000000002,-0.5150000000000001,-0.23037820252135016,13.190000000000003,False,False
18,2025-03-02,2025-03-30,2025,2025,50,20,0.20128552759201818,0.22985762593899572,-0.028572098346977548,False,0.25,1.9099999999999993,0.09549999999999996,0.03956089478044737,5.359999999999999,1.6099999999999985,0.08049999999999993,0.03334714167357081,5.359999999999999,True,True
19,2025-04-05,2025-05-02,2025,2025,50,20,0.21526048487235877,0.2447952166691763,-0.029534731796817537,False,0.3,-2.24,-0.11200000000000002,-0.042715484363081625,12.69,-2.5200000000000014,-0.12600000000000006,-0.048054919908466845,12.75,False,False
20,2025-05-03,2025-06-21,2025,2025,50,20,0.2186133811387438,0.23174112908178623,-0.013127747943042445,False,0.2,6.7,0.335,0.14458351316357357,3.4999999999999982,6.379999999999999,0.31899999999999995,0.13767803193785064,3.5600000000000005,True,True
21,2025-06-27,2025-08-20,2025,2025,50,21,0.1889422071540393,0.18818332101653293,0.0007588861375063816,True,0.19047619047619047,6.8500000000000005,0.3261904761904762,0.1328291642427768,4.9,6.509999999999998,0.3099999999999999,0.1262361838278068,4.8999999999999995,True,True
22,2025-09-06,2025-10-11,2025,2025,50,20,0.1700411753722447,0.16252373688493674,0.007517438487307959,True,0.25,0.6799999999999982,0.033999999999999905,0.014514407684098144,8.260000000000002,0.3799999999999979,0.018999999999999895,0.00811099252934894,8.280000000000001,True,True
23,2025-10-15,2025-11-16,2025,2025,50,20,0.19234076224163194,0.19059689452722123,0.0017438677144107073,True,0.15,9.009999999999996,0.4504999999999998,0.1725723041562918,4.58,8.669999999999998,0.4334999999999999,0.16606014173529968,4.58,True,True
24,2025-11-19,2026-01-10,2025,2026_JAN_JUL,50,20,0.17007868229938577,0.15515143868545211,0.01492724361393366,True,0.1,12.429999999999996,0.6214999999999998,0.25264227642276416,3.2,12.069999999999997,0.6034999999999998,0.24532520325203244,3.2,True,True
25,2026-01-11,2026-03-15,2026_JAN_JUL,2026_JAN_JUL,50,20,0.15868843265733484,0.1360289519736995,0.022659480683635352,True,0.1,13.709999999999997,0.6854999999999999,0.2778678556951763,1.7999999999999998,13.349999999999998,0.6674999999999999,0.27057154438589376,1.7999999999999998,True,True
26,2026-03-18,2026-05-16,2026_JAN_JUL,2026_JAN_JUL,50,21,0.12447498924365327,0.0920588925961592,0.03241609664749408,True,0.19047619047619047,6.96,0.3314285714285714,0.14320987654320985,3.9299999999999997,6.619999999999998,0.31523809523809515,0.13621399176954727,3.95,True,True
27,2026-05-17,2026-07-18,2026_JAN_JUL,2026_JAN_JUL,50,20,0.14138827168470683,0.11836637695802919,0.023021894726677636,True,0.3,-0.49000000000000044,-0.024500000000000022,-0.01018922852983989,9.95,-0.7700000000000011,-0.038500000000000055,-0.016011644832605552,9.99,False,False
